timestamp,close,high,low,trade_count,open,volume,vwap
2021-05-27 04:00:00+00:00,391.62,392.9,391.44,8606,392.41,959890,392.03
2021-05-28 04:00:00+00:00,392.33,393.41,392.06,7310,393.2,635828,392.84
2021-06-01 04:00:00+00:00,391.91,394.76,391.52,6269,394.66,680862,392.64
2021-06-02 04:00:00+00:00,392.55,393.36,391.6,6446,392.5,628822,392.37
2021-06-03 04:00:00+00:00,391.1,392.24,388.82,6307,390.43,771761,390.98
2021-06-04 04:00:00+00:00,394.67,394.97,392.92,10189,392.97,910318,394.23
2021-06-07 04:00:00+00:00,394.32,394.83,393.37,9535,394.71,991984,393.96
2021-06-08 04:00:00+00:00,394.36,395.23,392.65,5708,395.22,625795,394.28
2021-06-09 04:00:00+00:00,393.73,395.28,393.6,4919,395.22,472970,394.51
2021-06-10 04:00:00+00:00,395.56,396.57,393.78,5527,395.03,588662,395.61
2021-06-11 04:00:00+00:00,396.34,396.36,394.91,5009,396.17,527131,395.61
2021-06-14 04:00:00+00:00,397.19,397.19,395.15,6329,396.39,646111,395.73
2021-06-15 04:00:00+00:00,396.46,397.34,395.58,6146,397.34,570633,396.33
2021-06-16 04:00:00+00:00,394.16,396.76,392.22,7025,396.64,855307,394.44
2021-06-17 04:00:00+00:00,394.14,395.05,391.64,10067,393.78,1092378,394.05
2021-06-18 04:00:00+00:00,388.81,391.49,388.6,11986,390.79,1353018,390.28
2021-06-21 04:00:00+00:00,394.25,394.52,389.75,10379,390.56,1152420,393.27
2021-06-22 04:00:00+00:00,396.36,397.25,393.69,7159,394.34,897093,395.83
2021-06-23 04:00:00+00:00,396.01,397.31,395.92,5632,396.52,771762,396.6
2021-06-24 04:00:00+00:00,398.27,398.73,397.87,6833,398.1,843012,398.35
2021-06-25 04:00:00+00:00,399.73,400.17,398.77,8939,399.06,1160440,399.45
2021-06-28 04:00:00+00:00,400.53,400.69,399.05,7440,400.25,781623,399.89
2021-06-29 04:00:00+00:00,400.74,401.55,400.24,6190,400.97,727546,400.84
2021-06-30 04:00:00+00:00,401.09,401.68,400.29,7693,400.29,848270,401.01
2021-07-01 04:00:00+00:00,403.34,403.47,401.8,9231,401.85,1015595,402.81
2021-07-02 04:00:00+00:00,406.48,406.74,404.15,7747,404.46,860976,405.55
2021-07-06 04:00:00+00:00,405.58,406.66,402.91,7621,406.52,820834,404.82
2021-07-07 04:00:00+00:00,407.1,407.36,404.33,7371,406.34,881413,406.46
2021-07-08 04:00:00+00:00,403.75,404.52,400.63,8772,401.71,1354797,402.8
2021-07-09 04:00:00+00:00,408.14,408.33,405.11,10074,405.27,1256371,407.35
2021-07-12 04:00:00+00:00,409.58,409.71,407.59,9845,407.98,1109626,409.15
2021-07-13 04:00:00+00:00,408.23,410.24,407.89,8970,408.73,1100699,408.92
2021-07-14 04:00:00+00:00,408.84,410.32,407.53,6214,409.84,958448,408.97
2021-07-15 04:00:00+00:00,407.35,408.08,405.5,8808,407.47,1329473,407.01
2021-07-16 04:00:00+00:00,404.19,408.58,403.77,11170,408.52,1661664,405.83
2021-07-19 04:00:00+00:00,397.84,399.78,395.41,17353,399.33,2652205,396.94
2021-07-20 04:00:00+00:00,403.89,405.16,398.07,16750,398.94,2078731,403.66
2021-07-21 04:00:00+00:00,407.11,407.31,404.94,10236,405.1,1226597,406.45
2021-07-22 04:00:00+00:00,408.07,408.24,406.37,8336,407.35,973538,407.5
2021-07-23 04:00:00+00:00,412.03,412.55,409.31,10194,410.01,1153521,411.55
2021-07-26 04:00:00+00:00,413.19,413.24,411.58,7047,411.62,773627,412.55
2021-07-27 04:00:00+00:00,411.31,412.1,408.53,9198,412.09,1040709,410.24
2021-07-28 04:00:00+00:00,411.17,412.55,410.13,6912,411.96,875428,411.35
2021-07-29 04:00:00+00:00,412.89,413.95,412.1,7252,412.1,796963,413.28
2021-07-30 04:00:00+00:00,410.85,412.29,410.19,9215,410.32,1095883,410.93
2021-08-02 04:00:00+00:00,410.02,413.1,409.75,7400,412.59,1003205,411.17
2021-08-03 04:00:00+00:00,413.44,413.44,408.63,7976,410.81,1031118,411.24
2021-08-04 04:00:00+00:00,411.35,412.62,411.12,6654,412.05,891423,411.88
2021-08-05 04:00:00+00:00,413.89,413.99,412.18,5944,412.53,726445,413.1
2021-08-06 04:00:00+00:00,414.63,414.98,414.01,5492,414.25,711250,414.51
2021-08-09 04:00:00+00:00,414.33,414.87,413.5,4965,414.58,595961,414.26
2021-08-10 04:00:00+00:00,414.78,415.49,414.07,5564,414.74,674913,414.78
2021-08-11 04:00:00+00:00,415.8,415.9,414.73,6508,415.79,749406,415.46
2021-08-12 04:00:00+00:00,417.03,417.18,414.77,8126,415.66,768709,416.03
2021-08-13 04:00:00+00:00,417.81,417.81,417.09,5670,417.53,576662,417.45
2021-08-16 04:00:00+00:00,418.82,418.92,414.97,8164,416.53,1014355,416.8
2021-08-17 04:00:00+00:00,416.02,416.92,413.15,8298,416.29,1293505,415.09
2021-08-18 04:00:00+00:00,411.61,416.58,411.26,6350,415.03,1232736,414.17
2021-08-19 04:00:00+00:00,412.24,413.32,408.64,9272,408.78,1395553,411.48
2021-08-20 04:00:00+00:00,415.43,415.74,412.03,5930,412.5,900346,414.78
2021-08-23 04:00:00+00:00,419.1,419.98,417.12,8032,417.12,960719,419.24
2021-08-24 04:00:00+00:00,419.71,420.28,419.24,6905,419.77,774430,419.9
2021-08-25 04:00:00+00:00,420.64,421.11,419.57,5174,419.93,666120,420.63
2021-08-26 04:00:00+00:00,418.2,420.54,418.05,7332,420.36,1064115,419.06
2021-08-27 04:00:00+00:00,421.79,422.24,418.9,7665,418.92,1141610,421.38
2021-08-30 04:00:00+00:00,423.72,424.49,422.36,9056,422.57,757959,423.89
2021-08-31 04:00:00+00:00,423.15,423.97,422.53,6930,423.64,916029,423.24
2021-09-01 04:00:00+00:00,423.25,424.56,423.1,7975,424.09,926673,423.81
2021-09-02 04:00:00+00:00,424.66,425.42,423.44,5703,424.76,761510,424.36
2021-09-03 04:00:00+00:00,424.5,425.04,423.1,6780,423.53,794266,424.39
2021-09-07 04:00:00+00:00,423.05,424.16,422.35,6934,424.16,832398,423.2
2021-09-08 04:00:00+00:00,422.51,423.17,420.58,4849,422.47,694091,422.05
2021-09-09 04:00:00+00:00,420.66,424.0,420.45,6692,422.37,996739,421.82
2021-09-10 04:00:00+00:00,417.46,423.03,417.25,8960,422.69,1381172,419.51
2021-09-13 04:00:00+00:00,418.44,420.58,416.12,11219,420.4,1608821,417.83
2021-09-14 04:00:00+00:00,416.21,420.04,415.32,9214,419.94,1146914,416.9
2021-09-15 04:00:00+00:00,419.66,420.14,415.53,10238,416.59,1510563,418.57
2021-09-16 04:00:00+00:00,418.99,420.06,416.04,13404,419.12,1779594,418.26
2021-09-17 04:00:00+00:00,414.9,418.63,414.56,16963,417.98,2162504,415.71
2021-09-20 04:00:00+00:00,407.96,410.35,403.12,16823,408.78,2984272,406.67
2021-09-21 04:00:00+00:00,407.61,411.61,407.1,7303,410.42,1247521,409.15
2021-09-22 04:00:00+00:00,411.57,413.61,408.96,9692,409.93,1362000,411.82
2021-09-23 04:00:00+00:00,416.51,418.18,413.27,10042,413.42,1392247,416.8
2021-09-24 04:00:00+00:00,417.25,417.98,414.77,7602,414.86,868002,416.85
2021-09-27 04:00:00+00:00,416.09,417.39,415.42,6685,416.07,1002093,416.46
2021-09-28 04:00:00+00:00,407.61,413.54,407.01,14608,413.12,2517009,408.98
2021-09-29 04:00:00+00:00,408.28,410.8,407.83,7854,409.04,1259918,409.33
2021-09-30 04:00:00+00:00,403.31,410.54,403.21,14814,409.77,2595030,406.28
2021-10-01 04:00:00+00:00,408.18,409.84,401.61,13889,405.15,2310457,405.91
2021-10-04 04:00:00+00:00,402.79,407.86,400.78,15227,407.01,2759787,402.72
2021-10-05 04:00:00+00:00,407.01,409.35,403.64,8575,404.39,1563300,407.78
2021-10-06 04:00:00+00:00,408.8,408.99,401.89,16546,403.49,2736516,405.8
2021-10-07 04:00:00+00:00,412.21,415.15,411.91,9335,412.05,1369868,413.72
2021-10-08 04:00:00+00:00,411.5,413.49,410.97,8537,413.12,1316623,412.17
2021-10-11 04:00:00+00:00,408.57,413.81,408.57,7911,410.92,1381463,410.91
2021-10-12 04:00:00+00:00,407.63,409.91,406.83,10879,409.51,1831193,408.33
2021-10-13 04:00:00+00:00,409.05,409.8,405.78,10984,408.65,1570296,408.0
2021-10-14 04:00:00+00:00,415.94,416.09,412.31,11662,412.78,1702171,414.95
2021-10-15 04:00:00+00:00,419.08,419.48,417.44,12976,418.22,1688757,418.68
2021-10-18 04:00:00+00:00,420.37,420.68,416.67,9080,417.34,1250461,419.64
2021-10-19 04:00:00+00:00,423.65,423.65,421.39,10119,421.97,1253397,422.87
2021-10-20 04:00:00+00:00,425.24,425.55,423.94,9407,424.02,1065761,424.9
2021-10-21 04:00:00+00:00,426.33,426.58,424.23,7588,424.61,961412,425.36
2021-10-22 04:00:00+00:00,425.9,427.34,424.01,8062,425.92,1125046,425.84
2021-10-25 04:00:00+00:00,428.15,428.53,425.25,8170,426.99,970934,427.61
2021-10-26 04:00:00+00:00,428.59,430.97,428.25,9568,429.76,1401235,429.62
2021-10-27 04:00:00+00:00,426.65,429.72,426.63,13008,429.05,1423600,428.31
2021-10-28 04:00:00+00:00,430.67,430.88,428.15,9127,428.16,1078798,429.92
2021-10-29 04:00:00+00:00,431.59,431.97,428.22,12800,428.49,1738283,430.69
2021-11-01 04:00:00+00:00,432.46,433.04,430.72,9749,432.71,1133593,431.77
2021-11-02 04:00:00+00:00,434.15,434.46,432.49,8247,432.65,1064404,433.84
2021-11-03 04:00:00+00:00,436.85,437.23,433.22,9383,433.63,1133985,435.11
2021-11-04 04:00:00+00:00,438.85,438.96,437.12,8018,437.45,1035074,438.15
2021-11-05 04:00:00+00:00,440.44,442.39,438.91,9807,441.13,1053869,441.0
2021-11-08 05:00:00+00:00,440.81,441.99,440.14,5354,441.56,572075,440.99
2021-11-09 05:00:00+00:00,439.32,441.39,437.93,7731,441.36,980433,439.03
2021-11-10 05:00:00+00:00,435.86,439.31,434.34,11644,437.62,1562659,436.6
2021-11-11 05:00:00+00:00,436.01,437.36,435.92,5791,437.31,739921,436.58
2021-11-12 05:00:00+00:00,439.27,439.78,436.26,6826,437.26,883752,438.42
2021-11-15 05:00:00+00:00,439.37,440.58,438.26,9117,440.56,948862,439.23
2021-11-16 05:00:00+00:00,441.07,442.24,439.08,9411,439.26,1161115,441.28
2021-11-17 05:00:00+00:00,440.06,441.02,439.45,6668,440.87,875040,440.2
2021-11-18 05:00:00+00:00,441.49,441.79,438.39,9483,441.13,1208367,440.7
2021-11-19 05:00:00+00:00,440.85,442.64,440.39,9396,441.41,1182262,441.29
2021-11-22 05:00:00+00:00,439.4,445.11,439.33,11155,442.62,1514257,442.54
2021-11-23 05:00:00+00:00,440.17,440.9,436.59,12691,439.16,1724927,438.72
2021-11-24 05:00:00+00:00,441.22,441.36,437.3,10698,438.18,1387007,439.93
2021-11-26 05:00:00+00:00,431.37,436.05,430.35,13466,434.65,2310218,432.5
2021-11-29 05:00:00+00:00,436.76,438.55,434.02,13379,436.22,2005303,436.63
2021-11-30 05:00:00+00:00,428.79,436.05,427.99,20408,434.28,2483997,430.78
2021-12-01 05:00:00+00:00,423.41,436.77,423.3,23674,433.94,3281099,430.9
2021-12-02 05:00:00+00:00,429.88,431.51,423.33,16897,423.54,2440468,428.77
2021-12-03 05:00:00+00:00,426.22,432.65,422.0,18527,431.62,2544503,425.04
2021-12-06 05:00:00+00:00,431.3,433.14,426.39,18932,428.76,2296935,431.01
2021-12-07 05:00:00+00:00,440.19,440.73,436.49,17536,436.54,2214138,439.55
2021-12-08 05:00:00+00:00,441.35,441.79,438.84,13660,440.54,1358914,440.49
2021-12-09 05:00:00+00:00,438.38,440.95,438.18,11529,440.04,1240904,439.74
2021-12-10 05:00:00+00:00,442.44,442.62,438.52,10432,441.06,1279582,440.85
2021-12-13 05:00:00+00:00,438.68,442.32,438.36,10772,442.1,1443330,439.77
2021-12-14 05:00:00+00:00,435.57,437.79,432.64,12066,435.24,1666304,434.75
2021-12-15 05:00:00+00:00,442.34,442.6,433.16,14755,435.67,2453008,437.56
2021-12-16 05:00:00+00:00,438.51,444.48,436.91,17728,444.21,2398682,440.65
2021-12-17 05:00:00+00:00,433.77,438.35,432.1,13708,435.45,1788722,435.24
2021-12-20 05:00:00+00:00,429.28,429.58,425.57,14381,428.64,1951976,427.74
2021-12-21 05:00:00+00:00,436.8,436.94,430.45,11587,432.72,1438023,434.6
2021-12-22 05:00:00+00:00,441.18,441.28,436.35,9319,436.42,1186516,439.58
2021-12-23 05:00:00+00:00,443.91,445.41,442.08,11342,442.17,1327872,444.43
2021-12-27 05:00:00+00:00,450.24,450.24,445.25,8929,445.31,1048955,448.69
2021-12-28 05:00:00+00:00,449.84,451.65,449.08,8876,450.63,981087,450.09
2021-12-29 05:00:00+00:00,450.41,451.38,448.95,6824,449.92,798714,450.3
2021-12-30 05:00:00+00:00,449.18,451.84,448.72,8227,450.94,1079839,450.74
2021-12-31 05:00:00+00:00,447.97,449.81,447.76,8258,448.68,978337,448.81
2022-01-03 05:00:00+00:00,450.66,450.7,446.99,9223,449.31,1096935,449.59
2022-01-04 05:00:00+00:00,450.4,452.76,448.65,13046,452.04,1592794,450.72
2022-01-05 05:00:00+00:00,441.93,450.86,441.75,15201,450.19,2124466,446.05
2022-01-06 05:00:00+00:00,441.42,444.1,439.04,14238,441.3,1982217,442.01
2022-01-07 05:00:00+00:00,439.57,442.59,438.35,7165,441.41,1237553,440.6
2022-01-10 05:00:00+00:00,439.17,439.3,430.72,13012,436.48,2037795,434.35
2022-01-11 05:00:00+00:00,443.11,443.21,435.87,9525,438.81,1182243,440.05
2022-01-12 05:00:00+00:00,444.39,446.35,442.4,7772,444.88,823670,444.4
2022-01-13 05:00:00+00:00,438.43,446.02,437.17,11706,445.55,1480043,441.03
2022-01-14 05:00:00+00:00,438.24,438.68,433.84,10672,434.98,1526542,436.43
2022-01-18 05:00:00+00:00,430.61,433.83,429.52,11392,433.63,1616692,431.37
2022-01-19 05:00:00+00:00,426.21,433.53,425.87,11797,432.14,1615078,429.84
2022-01-20 05:00:00+00:00,421.26,432.72,420.97,12206,427.95,1946911,427.68
2022-01-21 05:00:00+00:00,413.17,422.63,413.14,20766,420.38,3155532,417.15
2022-01-24 05:00:00+00:00,415.14,415.39,396.97,23281,407.57,3508516,405.22
2022-01-25 05:00:00+00:00,409.85,414.78,402.99,17362,408.53,2831413,408.82
2022-01-26 05:00:00+00:00,408.55,418.83,404.56,17705,415.94,2683341,412.34
2022-01-27 05:00:00+00:00,406.86,416.51,405.12,14775,413.39,2283525,409.63
2022-01-28 05:00:00+00:00,416.89,416.93,403.57,18335,408.17,2725224,410.39
2022-01-31 05:00:00+00:00,424.31,424.75,414.92,16792,416.2,2210038,421.41
2022-02-01 05:00:00+00:00,427.19,427.88,421.61,10030,425.14,1315722,425.18
2022-02-02 05:00:00+00:00,431.27,432.14,427.37,9486,429.63,1506614,430.14
2022-02-03 05:00:00+00:00,421.13,427.24,420.48,11786,425.41,1709160,424.02
2022-02-04 05:00:00+00:00,423.3,427.1,418.7,11860,421.06,1571603,423.27
2022-02-07 05:00:00+00:00,421.88,425.39,420.6,6199,424.02,915456,422.89
2022-02-08 05:00:00+00:00,425.23,426.24,420.01,6678,421.43,1066565,423.64
2022-02-09 05:00:00+00:00,431.47,431.83,429.24,9830,429.41,1363613,430.66
2022-02-10 05:00:00+00:00,423.9,431.73,421.85,15391,425.77,2187584,426.72
2022-02-11 05:00:00+00:00,415.45,425.94,414.08,15049,423.89,2442797,417.96
2022-02-14 05:00:00+00:00,414.0,416.55,410.69,9547,415.01,1353964,413.92
2022-02-15 05:00:00+00:00,420.7,420.97,418.12,8246,418.65,971379,419.76
2022-02-16 05:00:00+00:00,421.35,422.53,416.9,7916,418.79,1044875,419.56
2022-02-17 05:00:00+00:00,412.2,418.57,411.68,11549,418.24,1471785,414.3
2022-02-18 05:00:00+00:00,409.65,413.77,407.38,12914,412.57,1718599,410.29
2022-02-22 05:00:00+00:00,405.22,410.81,401.75,19168,407.55,2494412,405.89
2022-02-23 05:00:00+00:00,398.12,408.65,397.48,15390,408.06,2181670,402.05
2022-02-24 05:00:00+00:00,404.02,404.4,387.36,18655,387.74,2457055,395.19
2022-02-25 05:00:00+00:00,412.83,412.99,403.67,14939,405.22,1794538,410.17
2022-02-28 05:00:00+00:00,411.74,413.32,406.28,14592,407.49,2056557,409.53
2022-03-01 05:00:00+00:00,405.55,412.36,403.04,15024,410.42,2051122,406.36
2022-03-02 05:00:00+00:00,412.97,414.69,407.2,12959,407.87,1551924,412.03
2022-03-03 05:00:00+00:00,411.04,416.07,409.26,12994,415.43,1501648,412.23
2022-03-04 05:00:00+00:00,407.65,408.79,403.68,12817,407.27,1529061,406.11
2022-03-07 05:00:00+00:00,395.68,407.32,395.61,17979,407.04,2501177,399.15
2022-03-08 05:00:00+00:00,392.7,402.98,391.63,23243,395.86,3256913,396.69
2022-03-09 05:00:00+00:00,403.21,405.15,398.88,13170,401.04,2191544,402.79
2022-03-10 05:00:00+00:00,401.35,402.24,396.6,14122,398.59,2202301,399.5
2022-03-11 05:00:00+00:00,396.25,404.4,395.76,13953,403.87,2088256,400.11
2022-03-14 04:00:00+00:00,393.3,400.44,392.21,16252,397.08,2561937,394.98
2022-03-15 04:00:00+00:00,402.0,402.63,394.71,17082,395.94,2612143,399.46
2022-03-16 04:00:00+00:00,410.97,410.97,400.76,17525,405.51,2848672,406.47
2022-03-17 04:00:00+00:00,416.04,416.04,408.65,13290,409.12,2107649,412.52
2022-03-18 04:00:00+00:00,420.46,420.92,413.72,12686,414.49,1853532,417.95
2022-03-21 04:00:00+00:00,420.49,422.45,416.99,14070,420.76,1923850,419.84
2022-03-22 04:00:00+00:00,425.43,426.35,421.96,9920,422.02,1367707,424.67
2022-03-23 04:00:00+00:00,419.94,424.35,419.93,12278,422.85,1533798,422.21
2022-03-24 04:00:00+00:00,426.2,426.22,420.87,9225,421.92,1175556,423.9
2022-03-25 04:00:00+00:00,428.31,428.6,424.34,9750,426.87,1147220,426.66
2022-03-28 04:00:00+00:00,431.34,431.36,425.91,7327,427.78,972411,428.77
2022-03-29 04:00:00+00:00,436.77,437.21,432.62,15815,435.3,1995564,435.06
2022-03-30 04:00:00+00:00,433.97,436.39,431.92,9858,435.61,1142267,434.26
2022-03-31 04:00:00+00:00,427.51,434.06,427.31,12947,433.37,1732118,430.79
2022-04-01 04:00:00+00:00,428.57,429.05,425.04,9079,428.91,1247893,427.28
2022-04-04 04:00:00+00:00,432.15,432.26,427.97,10175,428.71,1164303,430.89
2022-04-05 04:00:00+00:00,426.97,433.19,425.71,12597,430.75,1793188,428.57
2022-04-06 04:00:00+00:00,422.62,424.79,419.62,14972,422.83,2303884,422.11
2022-04-07 04:00:00+00:00,424.58,426.43,419.72,12957,421.74,1971889,423.19
2022-04-08 04:00:00+00:00,423.56,426.34,422.0,9504,424.0,1579934,424.09
2022-04-11 04:00:00+00:00,416.35,421.07,415.78,12699,420.28,1942981,418.2
2022-04-12 04:00:00+00:00,414.71,421.71,413.17,14851,419.32,2364634,416.25
2022-04-13 04:00:00+00:00,419.49,420.18,414.36,8555,414.44,1137623,417.88
2022-04-14 04:00:00+00:00,414.4,420.78,414.15,10007,419.73,1480474,416.65
2022-04-18 04:00:00+00:00,414.46,416.08,412.2,9062,413.4,1239780,414.0
2022-04-19 04:00:00+00:00,420.99,421.82,414.18,10405,414.42,1593310,419.56
2022-04-20 04:00:00+00:00,420.8,423.49,419.66,8451,422.91,1267461,421.65
2022-04-21 04:00:00+00:00,414.37,425.79,413.62,10728,424.52,1677539,419.06
2022-04-22 04:00:00+00:00,403.14,413.66,402.58,14527,413.36,2520022,407.08
2022-04-25 04:00:00+00:00,405.52,405.63,396.32,16649,400.88,2446712,400.72
2022-04-26 04:00:00+00:00,393.72,403.08,393.7,17900,402.87,3107121,397.54
2022-04-27 04:00:00+00:00,394.76,400.18,392.7,12372,394.79,1884990,396.53
2022-04-28 04:00:00+00:00,404.75,406.5,395.14,18434,399.53,2901392,402.08
2022-04-29 04:00:00+00:00,389.76,402.94,389.11,20883,400.83,3563548,394.57
2022-05-02 04:00:00+00:00,392.31,393.51,383.29,21495,389.87,3327180,388.68
2022-05-03 04:00:00+00:00,393.94,396.39,391.16,12302,392.67,1816807,393.81
2022-05-04 04:00:00+00:00,406.01,406.52,391.47,19847,394.64,2997683,399.21
2022-05-05 04:00:00+00:00,391.93,401.78,387.47,25192,401.71,4327815,392.57
2022-05-06 04:00:00+00:00,389.42,392.45,383.91,18877,389.01,2839887,388.07
2022-05-09 04:00:00+00:00,376.84,384.5,375.2,19257,383.32,3073074,379.28
2022-05-10 04:00:00+00:00,377.62,384.24,373.59,23079,382.94,3043393,378.89
2022-05-11 04:00:00+00:00,371.6,382.25,370.91,19726,376.65,2891288,376.0
2022-05-12 04:00:00+00:00,371.29,374.45,364.45,25962,368.57,3669221,368.52
2022-05-13 04:00:00+00:00,380.01,381.49,374.35,17694,375.46,2496868,378.74
2022-05-16 04:00:00+00:00,378.74,382.22,376.24,12495,378.51,2126515,379.08
2022-05-17 04:00:00+00:00,386.36,386.49,380.97,16445,384.64,2344311,384.37
2022-05-18 04:00:00+00:00,370.86,382.07,369.55,18292,381.84,2791976,373.58
2022-05-19 04:00:00+00:00,368.47,372.91,366.38,13874,367.71,2361296,369.4
2022-05-20 04:00:00+00:00,368.64,372.59,360.1,20217,372.13,3193677,365.26
2022-05-23 04:00:00+00:00,375.61,376.31,369.41,13982,371.81,1917353,373.78
2022-05-24 04:00:00+00:00,372.85,373.9,366.25,15893,371.46,2426004,370.09
2022-05-25 04:00:00+00:00,376.03,377.95,370.89,13248,371.21,1743436,374.63
2022-05-26 04:00:00+00:00,383.52,385.14,377.1,17326,377.1,2200921,382.98
2022-05-27 04:00:00+00:00,393.02,393.02,385.84,16069,386.01,2162002,390.24
2022-05-31 04:00:00+00:00,390.75,394.06,387.98,16066,391.35,2083148,391.27
2022-06-01 04:00:00+00:00,387.58,393.86,385.09,14427,392.82,1869336,388.67
2022-06-02 04:00:00+00:00,394.93,394.98,385.18,16959,387.37,2054041,390.79
2022-06-03 04:00:00+00:00,388.44,391.76,387.51,14440,390.27,1882423,389.25
2022-06-06 04:00:00+00:00,389.55,394.18,388.49,11535,392.5,1558059,391.07
2022-06-07 04:00:00+00:00,393.39,393.84,385.72,12173,386.12,1484530,390.88
2022-06-08 04:00:00+00:00,389.18,393.44,388.32,13690,391.62,1624210,390.42
2022-06-09 04:00:00+00:00,379.86,389.57,379.86,15212,387.31,1956316,385.06
2022-06-10 04:00:00+00:00,368.8,374.47,368.8,21397,373.64,2613512,370.72
2022-06-13 04:00:00+00:00,354.91,361.24,353.25,27577,359.46,3778833,356.89
2022-06-14 04:00:00+00:00,353.73,357.59,350.66,15124,356.62,1984160,354.01
2022-06-15 04:00:00+00:00,358.81,363.2,352.13,22520,357.04,3169544,357.87
2022-06-16 04:00:00+00:00,347.34,350.98,344.54,21701,350.59,3220976,347.24
2022-06-17 04:00:00+00:00,347.63,351.03,344.18,17580,347.31,2502209,348.32
2022-06-21 04:00:00+00:00,356.48,357.8,353.36,14251,353.39,1585797,356.29
2022-06-22 04:00:00+00:00,355.73,359.89,351.79,12492,352.16,1541028,356.85
2022-06-23 04:00:00+00:00,359.44,359.99,354.37,11549,357.95,1358761,357.42
2022-06-24 04:00:00+00:00,370.69,370.69,362.42,17140,362.49,2042323,367.77
2022-06-27 04:00:00+00:00,369.36,371.86,368.19,11473,371.63,1379071,369.68
2022-06-28 04:00:00+00:00,361.91,373.47,361.64,10428,370.77,1434998,365.97
2022-06-29 04:00:00+00:00,361.53,363.26,359.65,10425,362.29,1347481,361.45
2022-06-30 04:00:00+00:00,358.54,361.7,354.09,15745,357.59,2090833,358.2
2022-07-01 04:00:00+00:00,362.17,362.71,355.29,10850,357.88,1365163,359.28
2022-07-05 04:00:00+00:00,363.0,363.0,354.38,10277,357.62,1250596,358.21
2022-07-06 04:00:00+00:00,364.26,366.67,360.75,10096,363.12,1333191,363.41
2022-07-07 04:00:00+00:00,369.52,370.45,366.01,11328,366.02,1200997,368.81
2022-07-08 04:00:00+00:00,369.24,371.23,366.56,9552,368.03,1023870,369.32
2022-07-11 04:00:00+00:00,365.1,367.61,364.46,8302,366.68,1055393,365.69
2022-07-12 04:00:00+00:00,361.97,366.93,360.16,9805,364.57,1145027,363.57
2022-07-13 04:00:00+00:00,360.04,362.93,356.04,12060,356.54,1560393,359.99
2022-07-14 04:00:00+00:00,359.18,359.73,352.63,10746,355.05,1449695,356.39
2022-07-15 04:00:00+00:00,365.79,366.1,361.68,13566,363.58,1426821,364.76
2022-07-18 04:00:00+00:00,363.04,369.75,361.77,12785,369.09,1375367,366.51
2022-07-19 04:00:00+00:00,372.68,373.32,366.29,14349,366.99,1603480,370.79
2022-07-20 04:00:00+00:00,375.24,376.56,371.62,12136,372.92,1373750,374.69
2022-07-21 04:00:00+00:00,379.02,379.02,372.21,10495,374.56,1140760,376.0
2022-07-22 04:00:00+00:00,375.5,380.29,373.25,15251,378.98,1518449,376.01
2022-07-25 04:00:00+00:00,375.84,376.74,373.69,9590,376.17,792134,375.31
2022-07-26 04:00:00+00:00,371.37,374.46,370.58,9717,374.16,918302,372.09
2022-07-27 04:00:00+00:00,381.1,382.83,374.51,16652,374.87,2266143,379.46
2022-07-28 04:00:00+00:00,385.75,386.58,378.41,15802,381.91,1633561,383.05
2022-07-29 04:00:00+00:00,391.65,392.48,386.59,11447,387.37,1387388,390.59
2022-08-01 04:00:00+00:00,390.36,392.85,388.11,10526,388.85,1194335,390.49
2022-08-02 04:00:00+00:00,387.85,392.44,386.68,10183,388.8,1041460,389.37
2022-08-03 04:00:00+00:00,393.8,395.0,389.66,9154,389.91,945100,392.98
2022-08-04 04:00:00+00:00,393.59,394.42,392.01,6857,393.8,754368,393.53
2022-08-05 04:00:00+00:00,392.89,393.55,389.25,8387,389.34,1001026,391.96
2022-08-08 04:00:00+00:00,392.4,396.87,391.42,8466,394.6,997879,394.4
2022-08-09 04:00:00+00:00,390.94,392.17,389.85,8999,391.75,904719,390.8
2022-08-10 04:00:00+00:00,398.96,399.27,396.02,9500,397.97,1238604,398.2
2022-08-11 04:00:00+00:00,399.15,403.83,398.41,9869,401.99,1196335,400.73
2022-08-12 04:00:00+00:00,405.81,405.97,400.16,9460,401.07,956808,403.89
2022-08-15 04:00:00+00:00,407.59,408.01,403.66,10780,403.71,1071259,406.6
2022-08-16 04:00:00+00:00,408.37,410.26,405.68,9366,406.48,889212,407.98
2022-08-17 04:00:00+00:00,405.47,408.14,403.47,7557,404.8,955055,405.52
2022-08-18 04:00:00+00:00,406.56,407.3,404.38,8369,405.65,843759,405.88
2022-08-19 04:00:00+00:00,401.21,404.11,400.32,10660,403.74,1311955,401.72
2022-08-22 04:00:00+00:00,392.87,396.49,391.91,13776,396.32,1506564,393.67
2022-08-23 04:00:00+00:00,391.81,394.77,391.32,10489,392.33,1094373,392.76
2022-08-24 04:00:00+00:00,393.11,394.48,391.03,7857,391.56,820436,392.94
2022-08-25 04:00:00+00:00,398.68,398.71,393.57,9083,394.59,953924,396.27
2022-08-26 04:00:00+00:00,385.21,399.03,385.15,11450,398.62,1616118,390.06
2022-08-29 04:00:00+00:00,382.63,385.66,381.27,13862,382.24,1459284,383.33
2022-08-30 04:00:00+00:00,378.39,383.96,376.33,12943,383.9,1586931,378.75
2022-08-31 04:00:00+00:00,375.48,381.28,375.42,12128,380.05,1484931,377.58
2022-09-01 04:00:00+00:00,376.64,377.07,370.68,14485,373.32,1672423,373.51
2022-09-02 04:00:00+00:00,372.7,381.6,370.94,17184,380.38,2121598,375.65
2022-09-06 04:00:00+00:00,371.41,374.54,369.17,10423,373.62,1205303,371.82
2022-09-07 04:00:00+00:00,378.05,378.75,370.91,10486,371.01,1216815,375.86
2022-09-08 04:00:00+00:00,380.48,380.93,374.59,13754,375.7,1898322,378.19
2022-09-09 04:00:00+00:00,386.31,387.26,382.5,11470,382.73,1405507,385.73
2022-09-12 04:00:00+00:00,390.6,391.25,388.2,9447,388.46,1053304,389.93
2022-09-13 04:00:00+00:00,373.5,383.07,372.46,25185,381.84,2951925,377.37
2022-09-14 04:00:00+00:00,374.93,376.4,371.72,10473,374.84,1111740,374.19
2022-09-15 04:00:00+00:00,370.8,376.25,369.49,12398,373.44,1620604,372.49
2022-09-16 04:00:00+00:00,367.93,368.57,364.62,16554,366.55,1669994,366.69
2022-09-19 04:00:00+00:00,370.73,370.73,364.68,8070,364.77,897971,368.48
2022-09-20 04:00:00+00:00,366.63,368.34,363.76,16330,367.44,1647627,366.16
2022-09-21 04:00:00+00:00,360.11,371.47,360.11,14649,368.44,2085917,366.03
2022-09-22 04:00:00+00:00,357.15,360.37,356.4,12577,359.34,1288498,358.2
2022-09-23 04:00:00+00:00,351.33,353.6,346.67,19381,353.59,2136439,349.89
2022-09-26 04:00:00+00:00,347.65,353.24,346.43,14461,349.64,1847635,349.18
2022-09-27 04:00:00+00:00,346.76,353.42,344.41,11332,351.16,1506076,347.9
2022-09-28 04:00:00+00:00,353.56,355.26,346.03,15700,347.68,2006135,350.91
2022-09-29 04:00:00+00:00,346.15,350.24,343.25,18062,350.02,2229924,345.77
2022-09-30 04:00:00+00:00,340.86,349.07,340.76,22029,345.34,2816620,344.36
2022-10-03 04:00:00+00:00,349.87,351.67,342.88,13864,344.51,1618750,348.7
2022-10-04 04:00:00+00:00,360.69,360.69,355.3,12149,355.37,1487082,358.99
2022-10-05 04:00:00+00:00,359.92,362.07,353.99,11117,356.3,1490642,357.75
2022-10-06 04:00:00+00:00,356.1,361.34,355.62,11525,358.41,1464188,357.56
2022-10-07 04:00:00+00:00,346.14,352.32,344.42,12057,352.11,1786980,347.58
2022-10-10 04:00:00+00:00,343.6,347.5,341.36,9813,347.31,1239893,344.43
2022-10-11 04:00:00+00:00,341.48,346.36,339.46,12255,341.84,1607080,342.17
2022-10-12 04:00:00+00:00,340.2,343.33,340.02,9299,341.92,1308393,341.59
2022-10-13 04:00:00+00:00,349.32,350.67,332.19,14960,333.22,2869450,343.68
2022-10-14 04:00:00+00:00,341.31,353.28,340.62,11708,351.69,1802519,344.29
2022-10-17 04:00:00+00:00,350.06,351.12,347.31,12875,347.34,1484072,349.77
2022-10-18 04:00:00+00:00,354.2,358.22,350.73,8876,357.96,1258448,354.19
2022-10-19 04:00:00+00:00,351.66,354.78,348.94,7220,351.47,949998,351.5
2022-10-20 04:00:00+00:00,348.67,355.6,347.93,14731,351.17,1564765,350.93
2022-10-21 04:00:00+00:00,357.16,357.63,347.06,12446,348.4,1582516,354.42
2022-10-24 04:00:00+00:00,361.43,362.64,356.06,11584,358.7,1388193,360.15
2022-10-25 04:00:00+00:00,367.21,367.6,361.44,9455,361.52,1211118,365.75
2022-10-26 04:00:00+00:00,364.64,369.81,363.9,13128,364.15,1585903,365.99
2022-10-27 04:00:00+00:00,362.67,367.31,361.96,14747,365.73,1493070,363.98
2022-10-28 04:00:00+00:00,371.18,371.69,362.31,15064,362.48,1568316,368.81
2022-10-31 04:00:00+00:00,368.54,370.6,367.7,14100,368.71,1745821,368.95
2022-11-01 04:00:00+00:00,366.91,372.5,365.84,9738,372.28,1294546,368.1
2022-11-02 04:00:00+00:00,357.85,370.82,357.79,15965,366.39,2467552,364.12
2022-11-03 04:00:00+00:00,354.05,357.07,351.94,13925,354.41,1643995,354.93
2022-11-04 04:00:00+00:00,358.92,361.41,353.12,12290,359.74,1658118,357.09
2022-11-07 05:00:00+00:00,362.61,363.14,358.34,9820,360.53,1250909,361.15
2022-11-08 05:00:00+00:00,364.44,367.49,360.44,12257,363.66,1721182,364.44
2022-11-09 05:00:00+00:00,357.04,363.68,356.52,10196,362.48,1329373,359.8
2022-11-10 05:00:00+00:00,376.43,376.95,368.01,18479,370.25,2435337,373.34
2022-11-11 05:00:00+00:00,380.26,381.07,375.64,16030,377.54,1448532,378.93
2022-11-14 05:00:00+00:00,376.84,381.85,376.78,8447,378.51,1002684,379.35
2022-11-15 05:00:00+00:00,380.28,383.87,376.51,15381,382.78,1826755,380.59
2022-11-16 05:00:00+00:00,377.4,379.47,376.8,9696,378.59,1240798,377.9
2022-11-17 05:00:00+00:00,376.27,376.84,372.3,9648,372.6,1403944,374.32
2022-11-18 05:00:00+00:00,378.09,379.49,375.07,9111,379.49,1175909,377.15
2022-11-21 05:00:00+00:00,376.5,377.59,374.82,8706,376.6,897412,376.42
2022-11-22 05:00:00+00:00,381.56,381.74,377.13,9512,378.49,990774,380.01
2022-11-23 05:00:00+00:00,383.83,384.48,381.05,9526,381.27,1040098,383.16
2022-11-25 05:00:00+00:00,383.84,384.45,383.19,4072,383.45,354072,383.86
2022-11-28 05:00:00+00:00,377.78,382.43,377.04,11394,380.82,987539,379.22
2022-11-29 05:00:00+00:00,377.23,379.07,375.34,7984,377.92,905449,377.07
2022-11-30 05:00:00+00:00,388.8,388.87,375.56,13739,377.39,2347320,382.74
2022-12-01 05:00:00+00:00,388.76,391.19,386.24,12108,390.08,1340246,388.76
2022-12-02 05:00:00+00:00,388.23,389.16,383.88,10684,383.88,1198086,386.38
2022-12-05 05:00:00+00:00,381.32,386.37,379.95,14179,385.34,1595237,382.64
2022-12-06 05:00:00+00:00,375.9,381.68,373.73,11136,381.12,1213050,376.45
2022-12-07 05:00:00+00:00,375.11,377.51,374.09,8569,374.85,905487,375.38
2022-12-08 05:00:00+00:00,378.0,379.15,375.57,8642,376.96,1050916,377.73
2022-12-09 05:00:00+00:00,375.29,379.4,375.17,9922,376.86,1051349,377.38
2022-12-12 05:00:00+00:00,380.64,380.65,375.41,8574,376.07,986494,377.92
2022-12-13 05:00:00+00:00,383.62,391.53,380.84,13663,391.52,1730605,385.46
2022-12-14 05:00:00+00:00,381.11,386.8,378.19,12997,383.24,1636933,382.94
2022-12-15 05:00:00+00:00,371.96,377.11,370.16,16718,376.28,2089252,372.2
2022-12-16 05:00:00+00:00,367.48,370.49,365.3,14496,369.22,1699530,367.55
2022-12-19 05:00:00+00:00,364.27,367.89,362.64,10733,367.66,979700,364.77
2022-12-20 05:00:00+00:00,364.74,366.37,362.22,6310,363.48,612906,364.67
2022-12-21 05:00:00+00:00,370.14,371.33,366.89,7141,367.4,705913,369.58
2022-12-22 05:00:00+00:00,364.97,367.49,359.26,13667,367.15,1432802,363.15
2022-12-23 05:00:00+00:00,366.9,367.18,362.41,9185,363.94,666399,365.5
2022-12-27 05:00:00+00:00,365.55,367.22,363.95,10235,367.03,609727,365.74
2022-12-28 05:00:00+00:00,361.1,367.46,360.92,11861,365.54,918689,363.28
2022-12-29 05:00:00+00:00,367.5,368.43,363.43,11648,363.97,1118483,367.13
2022-12-30 05:00:00+00:00,366.64,366.73,362.77,9571,364.9,933670,364.71
2023-01-03 05:00:00+00:00,365.15,370.43,362.25,10605,368.42,1210981,365.25
2023-01-04 05:00:00+00:00,367.86,369.85,364.32,12106,367.34,1313126,367.4
2023-01-05 05:00:00+00:00,363.64,366.02,363.12,9828,365.76,1041106,364.31
2023-01-06 05:00:00+00:00,371.95,373.13,363.85,14524,366.87,1593344,370.24
2023-01-09 05:00:00+00:00,371.84,377.34,371.62,12268,374.21,930814,374.66
2023-01-10 05:00:00+00:00,374.43,374.46,370.29,11158,371.18,835820,372.99
2023-01-11 05:00:00+00:00,379.17,379.21,375.27,9867,376.14,963241,377.41
2023-01-12 05:00:00+00:00,380.59,381.96,376.21,11479,380.32,1081572,379.8
2023-01-13 05:00:00+00:00,381.99,382.56,377.09,11669,377.35,833579,380.41
2023-01-17 05:00:00+00:00,381.28,383.62,380.66,10999,382.02,861542,381.75
2023-01-18 05:00:00+00:00,375.38,383.54,375.1,13330,382.62,1636291,377.84
2023-01-19 05:00:00+00:00,372.48,374.87,371.27,12302,373.05,1224701,373.15
2023-01-20 05:00:00+00:00,379.5,379.64,372.34,12531,373.81,1232221,376.69
2023-01-23 05:00:00+00:00,384.01,385.97,379.36,13319,380.39,1240802,383.52
2023-01-24 05:00:00+00:00,383.64,384.54,381.26,9389,382.37,804302,383.29
2023-01-25 05:00:00+00:00,383.68,384.09,377.3,13043,379.44,1223209,380.97
2023-01-26 05:00:00+00:00,387.99,388.15,383.48,12242,386.52,1024840,385.99
2023-01-27 05:00:00+00:00,388.89,391.25,386.78,12096,387.02,1154808,389.29
2023-01-30 05:00:00+00:00,384.04,388.33,383.73,14100,386.07,1351155,385.56
2023-01-31 05:00:00+00:00,389.67,389.68,384.27,11911,384.51,1102712,387.26
2023-02-01 05:00:00+00:00,393.65,396.53,385.73,13663,388.33,1473487,390.41
2023-02-02 05:00:00+00:00,399.48,400.95,395.8,17426,397.68,1588666,398.42
2023-02-03 05:00:00+00:00,395.24,399.65,394.11,12938,394.51,1127556,396.48
2023-02-06 05:00:00+00:00,392.98,394.21,391.21,9927,392.85,759146,392.99
2023-02-07 05:00:00+00:00,398.06,399.25,390.86,12575,391.96,1295710,394.85
2023-02-08 05:00:00+00:00,393.7,397.37,393.0,14426,396.05,1526958,394.43
2023-02-09 05:00:00+00:00,390.29,397.39,389.09,16275,397.34,1545776,392.43
2023-02-10 05:00:00+00:00,391.12,391.53,388.28,12146,389.13,1082160,390.15
2023-02-13 05:00:00+00:00,395.65,395.86,391.34,10657,391.84,888501,394.65
2023-02-14 05:00:00+00:00,395.63,397.84,391.61,11979,394.22,1157809,395.02
2023-02-15 05:00:00+00:00,396.82,396.82,392.82,10210,393.45,821878,395.06
2023-02-16 05:00:00+00:00,391.37,395.82,391.3,11785,391.9,1163982,393.45
2023-02-17 05:00:00+00:00,390.4,390.62,387.35,13545,389.16,1227607,389.07
2023-02-21 05:00:00+00:00,382.54,387.35,382.32,15519,386.41,1516566,383.85
2023-02-22 05:00:00+00:00,382.03,384.52,380.59,12056,382.97,1170602,382.4
2023-02-23 05:00:00+00:00,384.02,385.55,379.88,11958,384.91,1399412,382.98
2023-02-24 05:00:00+00:00,380.03,380.79,377.39,12701,379.03,1237939,379.06
2023-02-27 05:00:00+00:00,381.23,384.6,380.34,9968,383.36,874279,382.23
2023-02-28 05:00:00+00:00,379.86,382.7,379.86,11621,380.84,1008867,381.2
2023-03-01 05:00:00+00:00,378.37,380.25,377.11,10160,379.01,1054008,378.62
2023-03-02 05:00:00+00:00,381.36,382.18,376.13,14689,376.43,1345473,379.03
2023-03-03 05:00:00+00:00,387.44,387.67,382.52,12460,383.16,1236338,385.87
2023-03-06 05:00:00+00:00,387.71,390.57,387.3,10766,388.36,1000217,388.76
2023-03-07 05:00:00+00:00,381.8,387.9,381.16,14966,387.67,1385511,383.42
2023-03-08 05:00:00+00:00,382.36,383.15,380.2,11698,381.92,1166923,381.59
2023-03-09 05:00:00+00:00,375.44,384.84,374.37,19689,383.19,1863803,379.02
2023-03-10 05:00:00+00:00,369.91,376.86,368.43,25055,374.79,2663479,371.75
2023-03-13 04:00:00+00:00,369.38,374.16,364.93,24736,365.97,2716899,370.3
2023-03-14 04:00:00+00:00,375.47,377.12,371.04,25291,374.32,2748577,374.37
2023-03-15 04:00:00+00:00,373.17,373.29,367.85,22171,369.75,2281311,370.78
2023-03-16 04:00:00+00:00,379.64,380.02,370.31,17071,370.97,1918071,376.64
2023-03-17 04:00:00+00:00,375.4,379.41,373.89,15988,378.36,1802218,376.0
2023-03-20 04:00:00+00:00,378.73,379.28,375.39,16081,376.07,1518151,377.78
2023-03-21 04:00:00+00:00,383.83,384.33,380.66,15047,382.27,1626744,382.37
2023-03-22 04:00:00+00:00,377.39,387.29,377.32,15557,383.69,1863383,383.55
2023-03-23 04:00:00+00:00,378.45,384.21,375.68,16149,380.17,1692167,380.3
2023-03-24 04:00:00+00:00,380.77,380.89,374.7,14095,377.02,1347657,378.22
2023-03-27 04:00:00+00:00,381.46,383.82,380.63,14312,383.1,1319918,382.02
2023-03-28 04:00:00+00:00,380.76,381.48,378.84,10882,380.81,984276,380.23
2023-03-29 04:00:00+00:00,386.18,386.44,383.68,16182,384.84,1505353,385.08
2023-03-30 04:00:00+00:00,388.4,389.08,386.6,13852,388.81,1340759,387.97
2023-03-31 04:00:00+00:00,393.92,394.21,389.33,14776,389.41,1675630,391.72
2023-04-03 04:00:00+00:00,395.5,395.85,393.04,14401,393.44,1488912,394.49
2023-04-04 04:00:00+00:00,393.28,396.37,391.89,14901,396.08,1683185,393.67
2023-04-05 04:00:00+00:00,392.25,393.19,390.58,13497,392.49,1219176,391.85
2023-04-06 04:00:00+00:00,393.78,394.02,390.38,14965,391.42,1496736,392.73
2023-04-10 04:00:00+00:00,394.22,394.22,390.66,13008,391.26,1217743,392.4
2023-04-11 04:00:00+00:00,394.23,395.64,393.52,11292,394.64,1023249,394.63
2023-04-12 04:00:00+00:00,392.64,396.61,392.07,13181,396.37,1275272,394.28
2023-04-13 04:00:00+00:00,397.8,398.22,393.3,15579,393.77,1685404,396.33
2023-04-14 04:00:00+00:00,396.93,399.42,394.61,12242,397.27,1199080,396.57
2023-04-17 04:00:00+00:00,398.32,398.32,395.58,10876,396.82,1127392,396.98
2023-04-18 04:00:00+00:00,398.58,400.03,397.21,15494,399.94,1267974,398.44
2023-04-19 04:00:00+00:00,398.63,399.4,396.65,11245,396.65,1075031,398.02
2023-04-20 04:00:00+00:00,396.29,398.08,394.79,11444,395.66,1364870,396.34
2023-04-21 04:00:00+00:00,396.61,397.09,394.76,10150,396.56,937587,396.25
2023-04-24 04:00:00+00:00,397.06,397.46,395.12,9286,396.43,1002044,396.48
2023-04-25 04:00:00+00:00,390.79,395.62,390.72,15209,395.08,1599541,392.61
2023-04-26 04:00:00+00:00,389.11,392.44,388.55,16644,391.4,1650310,390.33
2023-04-27 04:00:00+00:00,396.82,397.1,391.4,17076,391.63,1994345,394.72
2023-04-28 04:00:00+00:00,400.2,400.23,395.94,14287,395.95,1694498,398.81
2023-05-01 04:00:00+00:00,399.88,401.84,399.6,11265,399.8,1060641,400.53
2023-05-02 04:00:00+00:00,395.32,399.15,392.43,15259,399.14,1700866,395.06
2023-05-03 04:00:00+00:00,392.56,398.22,392.4,10326,395.85,1080213,395.36
2023-05-04 04:00:00+00:00,389.68,391.8,388.51,14807,391.56,1700198,390.06
2023-05-05 04:00:00+00:00,397.11,398.09,393.23,13933,393.33,1547470,396.05
2023-05-08 04:00:00+00:00,397.22,397.63,395.76,9992,397.38,926139,396.94
2023-05-09 04:00:00+00:00,395.43,396.52,395.22,9476,395.63,842492,395.8
2023-05-10 04:00:00+00:00,397.11,398.87,393.45,13850,398.26,1426892,396.36
2023-05-11 04:00:00+00:00,396.53,396.83,394.5,8951,396.42,988495,395.74
2023-05-12 04:00:00+00:00,396.08,398.02,393.67,8713,397.83,999381,395.39
2023-05-15 04:00:00+00:00,397.43,397.79,394.78,8458,396.71,813583,396.47
2023-05-16 04:00:00+00:00,394.8,397.2,394.77,9289,396.31,1008235,395.96
2023-05-17 04:00:00+00:00,399.47,400.15,395.15,12506,396.78,1343616,398.41
2023-05-18 04:00:00+00:00,403.39,403.82,399.05,10871,399.3,1147069,401.46
2023-05-19 04:00:00+00:00,402.78,404.83,401.6,10308,404.34,1158018,403.14
2023-05-22 04:00:00+00:00,402.97,404.51,401.62,8576,402.99,925017,403.32
2023-05-23 04:00:00+00:00,398.51,402.28,398.07,11175,401.35,1111986,400.12
2023-05-24 04:00:00+00:00,395.47,397.2,394.43,11157,396.85,1204304,395.52
2023-05-25 04:00:00+00:00,398.97,400.37,396.87,12651,399.09,1534315,398.59
2023-05-26 04:00:00+00:00,404.11,404.88,399.61,14236,399.66,1594225,403.47
2023-05-30 04:00:00+00:00,404.28,406.63,402.96,10500,406.1,1165756,404.68
2023-05-31 04:00:00+00:00,402.09,403.37,400.52,12847,402.48,1585308,401.93
2023-06-01 04:00:00+00:00,405.87,406.96,401.12,12564,402.42,1280781,404.82
2023-06-02 04:00:00+00:00,411.59,412.55,407.98,14856,408.56,1485046,411.11
2023-06-05 04:00:00+00:00,410.98,413.45,410.29,9298,412.06,1042292,411.92
2023-06-06 04:00:00+00:00,411.88,412.39,409.96,11370,410.57,1132909,411.4
2023-06-07 04:00:00+00:00,410.47,413.39,410.05,12433,412.29,1513065,411.21
2023-06-08 04:00:00+00:00,412.97,413.36,409.78,9324,410.47,959745,412.12
2023-06-09 04:00:00+00:00,413.76,415.69,412.7,8933,413.85,980638,414.14
2023-06-12 04:00:00+00:00,417.45,417.48,413.94,8910,414.66,872286,415.69
2023-06-13 04:00:00+00:00,420.19,420.82,418.28,12166,418.98,1434752,419.89
2023-06-14 04:00:00+00:00,420.64,422.46,417.29,9237,420.6,1154840,420.15
2023-06-15 04:00:00+00:00,425.89,427.13,419.82,13512,419.91,1762275,424.45
2023-06-16 04:00:00+00:00,424.27,427.97,423.98,10110,427.97,1108906,425.88
2023-06-20 04:00:00+00:00,422.3,423.38,420.17,11064,422.49,1191787,422.06
2023-06-21 04:00:00+00:00,419.99,422.04,419.53,8745,421.3,1178565,420.59
2023-06-22 04:00:00+00:00,421.65,421.7,418.83,8750,419.16,870482,420.43
2023-06-23 04:00:00+00:00,418.36,420.19,417.72,10825,418.17,1161180,418.71
2023-06-26 04:00:00+00:00,416.66,419.7,416.47,9720,417.86,1025359,417.87
2023-06-27 04:00:00+00:00,421.24,421.88,417.16,10174,417.62,1114166,420.25
2023-06-28 04:00:00+00:00,421.43,422.48,419.57,8053,420.23,934658,420.73
2023-06-29 04:00:00+00:00,423.17,423.29,420.74,8443,421.05,762559,422.36
2023-06-30 04:00:00+00:00,428.08,429.04,426.11,8831,426.36,1112022,428.08
2023-07-03 04:00:00+00:00,428.72,428.9,427.53,5051,427.81,370605,428.45
2023-07-05 04:00:00+00:00,428.0,428.71,426.81,7625,426.83,673063,428.15
2023-07-06 04:00:00+00:00,424.67,425.04,422.14,10275,424.38,1061407,423.66
2023-07-07 04:00:00+00:00,423.54,427.52,423.33,10432,423.64,1211901,425.56
2023-07-10 04:00:00+00:00,424.63,424.8,422.64,8434,423.22,906011,423.9
2023-07-11 04:00:00+00:00,427.38,427.81,424.44,9722,425.41,759246,426.12
2023-07-12 04:00:00+00:00,430.76,432.18,429.71,9239,431.17,1025074,431.0
2023-07-13 04:00:00+00:00,434.25,434.99,432.2,10976,432.59,1121925,433.58
2023-07-14 04:00:00+00:00,433.98,435.93,433.25,8850,435.21,827887,434.5
2023-07-17 04:00:00+00:00,435.46,436.48,433.79,7166,433.79,757125,435.2
2023-07-18 04:00:00+00:00,438.7,439.31,434.72,10919,435.14,1195584,437.67
2023-07-19 04:00:00+00:00,439.5,440.83,438.88,9248,439.67,911992,439.92
2023-07-20 04:00:00+00:00,436.81,439.53,436.04,10436,438.64,1078576,437.83
2023-07-21 04:00:00+00:00,436.75,438.62,436.73,9567,438.42,912338,437.59
2023-07-24 04:00:00+00:00,438.67,439.47,437.28,7914,437.89,745375,438.57
2023-07-25 04:00:00+00:00,439.8,441.11,438.41,9710,438.44,790450,439.91
2023-07-26 04:00:00+00:00,439.94,441.29,437.92,9096,438.97,916421,439.28
2023-07-27 04:00:00+00:00,437.04,443.74,436.15,12615,443.4,1436841,440.06
2023-07-28 04:00:00+00:00,441.3,442.14,439.57,12408,440.2,1279542,441.09
2023-07-31 04:00:00+00:00,442.17,442.46,440.49,9342,441.78,818144,441.42
2023-08-01 04:00:00+00:00,440.85,441.57,439.94,11207,440.73,1033910,440.8
2023-08-02 04:00:00+00:00,434.78,438.0,434.01,13400,437.77,1435967,435.73
2023-08-03 04:00:00+00:00,433.54,435.39,432.11,10522,432.81,982821,433.82
2023-08-04 04:00:00+00:00,431.53,437.41,431.04,14064,435.31,1653131,434.2
2023-08-07 04:00:00+00:00,435.28,435.46,432.7,9516,433.36,931786,434.23
2023-08-08 04:00:00+00:00,433.53,433.88,430.09,10254,432.72,977244,431.8
2023-08-09 04:00:00+00:00,430.51,433.81,429.76,10926,433.69,1094151,431.78
2023-08-10 04:00:00+00:00,430.65,436.24,429.54,11506,432.88,1315971,432.45
2023-08-11 04:00:00+00:00,430.14,431.41,428.3,9780,428.79,936311,430.02
2023-08-14 04:00:00+00:00,432.79,432.79,429.2,7897,429.6,790707,431.45
2023-08-15 04:00:00+00:00,427.8,431.35,427.21,10470,431.04,1083858,428.75
2023-08-16 04:00:00+00:00,424.6,429.0,424.52,10289,427.35,1044477,426.48
2023-08-17 04:00:00+00:00,421.36,426.3,420.86,11122,426.03,1138844,423.46
2023-08-18 04:00:00+00:00,421.48,422.6,418.27,10567,418.47,1189686,420.68
2023-08-21 04:00:00+00:00,424.31,425.07,420.46,10116,422.56,1178587,423.15
2023-08-22 04:00:00+00:00,423.14,426.05,422.65,7034,426.04,700106,423.9
2023-08-23 04:00:00+00:00,427.85,428.47,424.11,8727,424.24,931675,427.11
2023-08-24 04:00:00+00:00,421.99,429.99,421.93,11310,429.65,1448843,424.74
2023-08-25 04:00:00+00:00,424.95,426.18,420.15,10571,423.62,1182497,423.66
2023-08-28 04:00:00+00:00,427.65,428.23,425.81,8401,427.21,849212,426.98
2023-08-29 04:00:00+00:00,433.84,434.08,427.37,11948,427.58,1488379,432.32
2023-08-30 04:00:00+00:00,435.55,436.23,433.48,10163,434.15,1136740,435.33
2023-08-31 04:00:00+00:00,434.82,437.35,434.8,13603,436.22,1232403,436.04
2023-09-01 04:00:00+00:00,435.77,438.16,434.33,7458,437.69,802509,435.69
2023-09-05 04:00:00+00:00,433.91,435.64,433.84,11809,435.28,1242430,434.65
2023-09-06 04:00:00+00:00,430.99,433.17,428.66,13513,433.11,1609327,430.56
2023-09-07 04:00:00+00:00,429.68,430.3,427.63,11555,427.92,1269234,429.28
2023-09-08 04:00:00+00:00,430.36,431.83,429.34,10336,429.69,1079293,430.52
2023-09-11 04:00:00+00:00,433.22,433.44,431.25,11023,432.97,1062788,432.54
2023-09-12 04:00:00+00:00,430.77,433.14,430.17,11354,431.64,1282523,431.42
2023-09-13 04:00:00+00:00,431.21,432.39,429.87,9198,430.86,1021666,431.33
2023-09-14 04:00:00+00:00,435.01,435.65,432.42,11776,433.74,1294030,434.53
2023-09-15 04:00:00+00:00,429.67,433.66,429.39,16601,433.49,2127873,430.77
2023-09-18 04:00:00+00:00,429.99,431.28,428.96,9194,429.41,934550,430.16
2023-09-19 04:00:00+00:00,429.01,429.59,426.44,9669,429.16,1070394,428.15
2023-09-20 04:00:00+00:00,425.03,430.77,424.95,9653,430.32,1090190,428.24
2023-09-21 04:00:00+00:00,418.03,422.53,417.99,16036,422.31,1755895,420.3
2023-09-22 04:00:00+00:00,417.05,420.71,416.78,10779,419.18,1192890,418.76
2023-09-25 04:00:00+00:00,418.94,418.96,415.56,8558,415.93,838426,417.56
2023-09-26 04:00:00+00:00,412.74,416.59,411.96,13565,415.9,1533865,413.68
2023-09-27 04:00:00+00:00,412.82,414.46,409.32,12754,413.94,1627458,412.15
2023-09-28 04:00:00+00:00,415.33,417.01,411.8,12142,412.47,1218814,414.97
2023-09-29 04:00:00+00:00,414.16,418.54,412.84,13393,418.41,1853531,414.97
2023-10-02 04:00:00+00:00,414.22,415.4,411.43,11713,413.48,1136854,413.19
2023-10-03 04:00:00+00:00,408.71,413.51,407.28,11914,412.12,1419038,408.99
2023-10-04 04:00:00+00:00,411.64,412.32,407.63,11514,409.09,1386577,410.05
2023-10-05 04:00:00+00:00,411.26,412.29,408.25,8313,411.37,1030251,410.52
2023-10-06 04:00:00+00:00,416.23,417.85,407.66,12251,409.18,1659220,414.2
2023-10-09 04:00:00+00:00,418.95,419.55,413.91,8216,414.34,899989,417.02
2023-10-10 04:00:00+00:00,421.11,423.76,419.23,11512,419.7,1484259,421.72
2023-10-11 04:00:00+00:00,422.91,423.14,419.86,8299,422.28,871580,421.71
2023-10-12 04:00:00+00:00,420.34,423.87,417.98,9888,423.42,1368679,420.52
2023-10-13 04:00:00+00:00,418.35,422.97,416.68,11067,421.87,1607990,418.75
2023-10-16 04:00:00+00:00,422.63,423.67,420.23,11167,420.47,1328669,422.49
2023-10-17 04:00:00+00:00,422.7,424.65,419.18,9477,419.46,1203633,422.07
2023-10-18 04:00:00+00:00,417.01,421.73,415.89,10500,420.7,1357315,418.55
2023-10-19 04:00:00+00:00,413.31,419.51,412.65,11176,417.64,1559608,415.7
2023-10-20 04:00:00+00:00,408.29,413.36,408.13,13239,412.79,1939948,409.83
2023-10-23 04:00:00+00:00,407.59,411.4,404.97,12379,406.64,1325831,408.56
2023-10-24 04:00:00+00:00,410.53,411.74,407.8,9569,409.69,1114518,410.16
2023-10-25 04:00:00+00:00,404.78,408.93,404.2,13261,408.93,1306827,406.01
2023-10-26 04:00:00+00:00,399.91,404.46,399.05,14677,403.65,2260803,401.39
2023-10-27 04:00:00+00:00,398.13,401.82,396.65,14357,401.64,1810349,398.37
2023-10-30 04:00:00+00:00,402.86,403.85,399.59,12576,400.84,1450213,402.26
2023-10-31 04:00:00+00:00,405.32,405.63,401.47,11854,403.37,1403280,404.36
2023-11-01 04:00:00+00:00,409.66,410.46,405.8,12851,406.39,1521992,408.15
2023-11-02 04:00:00+00:00,417.44,417.66,413.48,13935,413.48,1370443,416.25
2023-11-03 04:00:00+00:00,421.35,422.87,419.79,12916,419.81,1452655,421.61
2023-11-06 05:00:00+00:00,422.29,422.73,420.37,11269,422.09,1260585,421.7
2023-11-07 05:00:00+00:00,423.45,424.12,421.15,12015,422.26,1139427,423.27
2023-11-08 05:00:00+00:00,423.98,424.62,421.52,8956,424.04,938576,423.45
2023-11-09 05:00:00+00:00,420.54,424.98,420.08,10247,424.9,1103998,422.13
2023-11-10 05:00:00+00:00,427.16,427.36,421.09,13075,422.58,1796559,425.31
2023-11-13 05:00:00+00:00,426.63,427.75,424.96,10945,425.7,1119503,426.61
2023-11-14 05:00:00+00:00,434.86,436.21,432.41,16730,432.62,2091007,434.98
2023-11-15 05:00:00+00:00,435.86,437.5,435.02,12462,436.43,1593220,436.27
2023-11-16 05:00:00+00:00,436.4,436.65,434.4,11304,435.41,1360772,435.74
2023-11-17 05:00:00+00:00,436.88,437.51,435.49,11727,436.38,1080958,436.65
2023-11-20 05:00:00+00:00,440.29,441.1,436.71,13164,436.77,1608190,439.56
2023-11-21 05:00:00+00:00,439.34,439.67,438.07,10378,439.29,1105748,439.05
2023-11-22 05:00:00+00:00,441.01,442.29,439.97,10451,441.0,1146131,441.1
2023-11-24 05:00:00+00:00,441.26,441.41,440.76,4648,441.08,425092,441.06
2023-11-27 05:00:00+00:00,440.54,441.48,440.12,10289,440.71,1009412,440.82
2023-11-28 05:00:00+00:00,440.88,442.23,439.56,10655,440.06,1065276,440.82
2023-11-29 05:00:00+00:00,440.68,444.21,440.24,11918,443.07,1583960,441.68
2023-11-30 05:00:00+00:00,442.25,442.7,439.44,12099,441.44,1601972,441.13
2023-12-01 05:00:00+00:00,444.87,445.49,441.16,15054,441.66,1728551,443.99
2023-12-04 05:00:00+00:00,442.55,442.88,440.42,14037,441.53,1613164,441.84
2023-12-05 05:00:00+00:00,442.54,443.5,440.89,12248,441.22,1533281,442.24
2023-12-06 05:00:00+00:00,440.75,444.71,440.39,12014,444.65,1492618,442.14
2023-12-07 05:00:00+00:00,444.12,444.77,442.28,12784,442.86,1573965,443.84
2023-12-08 05:00:00+00:00,446.0,446.55,443.17,11843,443.4,1645376,445.46
2023-12-11 05:00:00+00:00,447.75,447.95,445.34,16330,445.55,1726740,446.9
2023-12-12 05:00:00+00:00,449.92,449.92,446.44,15268,447.37,1549133,448.73
2023-12-13 05:00:00+00:00,456.07,456.24,449.85,17564,450.16,2119988,452.61
2023-12-14 05:00:00+00:00,457.51,459.15,454.85,18405,458.02,2630046,457.24
2023-12-15 05:00:00+00:00,456.76,458.03,455.87,18469,456.82,2678285,456.86
2023-12-18 05:00:00+00:00,459.35,460.25,458.17,14960,458.32,1626415,459.39
2023-12-19 05:00:00+00:00,462.04,462.17,459.8,12416,459.82,1262970,461.26
2023-12-20 05:00:00+00:00,455.5,463.12,455.29,16121,461.18,2056789,459.64
2023-12-21 05:00:00+00:00,460.0,460.28,456.28,13830,458.68,1759812,458.74
2023-12-22 05:00:00+00:00,460.96,462.62,459.07,13466,461.19,1441165,461.36
2023-12-26 05:00:00+00:00,462.87,463.74,461.28,9359,461.36,1050923,462.59
2023-12-27 05:00:00+00:00,463.78,463.86,462.21,9744,462.73,1045120,462.96
2023-12-28 05:00:00+00:00,463.92,464.7,463.48,8420,464.09,1105732,464.02
2023-12-29 05:00:00+00:00,462.61,464.21,460.65,24253,463.65,4791892,462.59
2024-01-02 05:00:00+00:00,459.98,460.93,457.87,13820,459.48,1982936,459.26
2024-01-03 05:00:00+00:00,456.18,458.53,455.61,12822,457.84,1590343,457.06
2024-01-04 05:00:00+00:00,454.8,458.32,454.52,12702,455.65,1800797,455.98
2024-01-05 05:00:00+00:00,455.31,457.79,453.95,10476,454.81,1412989,455.65
2024-01-08 05:00:00+00:00,461.8,462.0,455.81,13401,455.92,1804664,459.56
2024-01-09 05:00:00+00:00,461.14,462.16,458.73,9560,459.28,1027653,460.67
2024-01-10 05:00:00+00:00,463.74,464.63,461.16,11180,461.45,1072022,462.94
2024-01-11 05:00:00+00:00,463.59,465.25,459.6,9515,464.74,1203593,462.6
2024-01-12 05:00:00+00:00,463.86,465.74,462.49,10992,464.98,1035875,463.79
2024-01-16 05:00:00+00:00,462.11,463.81,460.38,12034,462.53,1880438,461.69
2024-01-17 05:00:00+00:00,459.61,460.1,457.27,12010,459.15,1228548,458.96
2024-01-18 05:00:00+00:00,463.72,464.22,459.76,11641,461.39,1253996,462.03
2024-01-19 05:00:00+00:00,469.54,469.74,464.16,11654,464.82,1259826,467.52
2024-01-22 05:00:00+00:00,470.48,472.2,469.87,10771,471.02,1009769,470.99
2024-01-23 05:00:00+00:00,471.81,472.09,469.95,8772,471.04,912754,471.07
2024-01-24 05:00:00+00:00,472.4,475.66,472.01,10679,474.72,1099865,473.97
2024-01-25 05:00:00+00:00,474.93,475.2,472.37,10308,474.4,1336392,474.12
2024-01-26 05:00:00+00:00,474.39,475.99,473.56,10134,474.46,966297,474.66
2024-01-29 05:00:00+00:00,478.07,478.23,474.1,10629,474.62,933376,475.89
2024-01-30 05:00:00+00:00,477.73,478.4,476.99,10725,477.51,856429,477.77
2024-01-31 05:00:00+00:00,470.0,475.96,470.0,13612,475.34,1912371,472.71
2024-02-01 05:00:00+00:00,476.1,476.1,470.82,12764,471.73,1648140,474.13
2024-02-02 05:00:00+00:00,481.03,482.73,476.21,11890,476.52,1267077,479.91
2024-02-05 05:00:00+00:00,479.34,480.86,477.17,11029,480.45,1002851,479.35
2024-02-06 05:00:00+00:00,480.74,481.05,478.88,7965,480.28,779463,479.78
2024-02-07 05:00:00+00:00,484.67,485.16,482.09,11049,482.96,1233471,484.15
2024-02-08 05:00:00+00:00,485.1,485.31,483.97,9408,484.8,860289,484.67
2024-02-09 05:00:00+00:00,487.65,488.19,485.16,11752,485.47,1113952,486.92
2024-02-12 05:00:00+00:00,487.55,489.98,486.82,10162,487.78,965643,488.28
2024-02-13 05:00:00+00:00,480.9,482.55,477.55,18604,481.07,2319364,479.84
2024-02-14 05:00:00+00:00,485.24,485.68,481.16,11849,483.45,1543742,483.67
2024-02-15 05:00:00+00:00,488.5,488.72,485.42,11695,485.91,1003136,487.35
2024-02-16 05:00:00+00:00,486.17,489.36,485.59,10356,488.26,1077734,487.54
2024-02-20 05:00:00+00:00,483.42,484.99,481.23,12279,484.38,1354728,482.84
2024-02-21 05:00:00+00:00,483.9,484.03,480.33,8690,482.07,879558,482.03
2024-02-22 05:00:00+00:00,493.87,494.84,489.53,15324,490.5,1707191,493.09
2024-02-23 05:00:00+00:00,494.2,496.42,493.5,11848,495.6,1162330,494.93
2024-02-26 05:00:00+00:00,492.29,495.08,492.29,9768,494.65,871019,493.54
2024-02-27 05:00:00+00:00,493.35,493.54,491.32,9674,493.11,661238,492.51
2024-02-28 05:00:00+00:00,492.55,493.26,491.43,10265,491.8,1070216,492.37
2024-02-29 05:00:00+00:00,494.52,496.07,491.85,10485,494.44,1115835,494.38
2024-03-01 05:00:00+00:00,499.17,499.5,494.96,13950,495.32,1239371,497.95
2024-03-04 05:00:00+00:00,498.6,500.38,498.26,10602,498.45,1196469,498.99
2024-03-05 05:00:00+00:00,493.52,497.0,491.37,11822,496.54,1569486,493.26
2024-03-06 05:00:00+00:00,496.06,498.31,494.83,9433,496.94,815242,496.56
2024-03-07 05:00:00+00:00,501.3,502.02,498.53,8943,499.37,757973,500.81
2024-03-08 05:00:00+00:00,497.99,504.28,497.42,9180,501.68,1006823,500.21
2024-03-11 04:00:00+00:00,497.54,498.1,494.89,8206,496.7,700316,496.82
2024-03-12 04:00:00+00:00,502.91,503.49,497.16,10154,499.66,1093781,501.55
2024-03-13 04:00:00+00:00,502.13,503.38,500.72,8836,503.17,703671,502.4
2024-03-14 04:00:00+00:00,501.05,503.25,498.09,12165,503.09,1294366,500.12
2024-03-15 04:00:00+00:00,497.69,499.49,496.27,11648,497.93,943977,497.65
2024-03-18 04:00:00+00:00,500.69,503.16,500.25,9890,501.04,933941,501.61
2024-03-19 04:00:00+00:00,503.51,503.7,498.99,9337,499.96,698881,501.72
2024-03-20 04:00:00+00:00,508.13,508.17,502.87,11155,503.49,986352,505.48
2024-03-21 04:00:00+00:00,509.65,511.62,509.52,12586,511.03,817329,510.68
2024-03-22 04:00:00+00:00,508.99,510.15,508.58,11258,509.71,736691,509.41
2024-03-25 04:00:00+00:00,507.51,508.53,507.26,9539,507.41,719998,508.0
2024-03-26 04:00:00+00:00,506.37,509.15,506.11,9308,508.74,856545,507.92
2024-03-27 04:00:00+00:00,510.63,510.66,507.12,9527,509.3,872582,508.56
2024-03-28 04:00:00+00:00,510.68,512.11,510.34,9999,510.79,1017125,511.16
2024-04-01 04:00:00+00:00,509.78,511.89,508.6,8874,511.24,714088,510.01
2024-04-02 04:00:00+00:00,506.55,506.61,504.22,9657,505.8,815648,505.57
2024-04-03 04:00:00+00:00,507.17,508.53,505.35,8370,505.38,634103,507.43
2024-04-04 04:00:00+00:00,500.91,511.38,500.55,11181,511.17,1038338,505.55
2024-04-05 04:00:00+00:00,506.2,508.02,501.81,7526,501.83,854635,505.65
2024-04-08 04:00:00+00:00,506.3,507.76,505.62,6562,506.88,475966,506.62
2024-04-09 04:00:00+00:00,506.98,508.28,502.11,7052,508.16,689958,504.72
2024-04-10 04:00:00+00:00,501.96,503.85,499.9,10302,501.21,900552,501.74
2024-04-11 04:00:00+00:00,505.72,507.11,499.94,8339,503.41,769777,504.39
2024-04-12 04:00:00+00:00,498.72,503.47,497.04,11492,502.14,1054092,499.29
2024-04-15 04:00:00+00:00,492.51,503.03,491.61,11968,502.95,1127351,496.64
2024-04-16 04:00:00+00:00,491.43,494.43,490.3,10975,492.79,880401,492.24
2024-04-17 04:00:00+00:00,488.61,494.15,487.24,9993,494.03,833510,490.06
2024-04-18 04:00:00+00:00,487.53,492.1,486.7,8605,489.9,745224,488.94
2024-04-19 04:00:00+00:00,483.4,488.54,482.11,9533,487.55,1039006,485.15
2024-04-22 04:00:00+00:00,487.65,490.4,483.66,10252,486.0,809102,487.01
2024-04-23 04:00:00+00:00,493.47,494.0,489.32,8686,489.91,725640,492.58
2024-04-24 04:00:00+00:00,493.62,495.26,491.16,6557,494.48,547706,493.35
2024-04-25 04:00:00+00:00,491.54,492.25,485.7,9130,487.22,904077,488.79
2024-04-26 04:00:00+00:00,496.1,497.74,493.71,7806,494.37,585586,496.41
2024-04-29 04:00:00+00:00,497.93,498.58,495.26,5652,498.11,452174,497.33
2024-04-30 04:00:00+00:00,490.3,497.39,490.12,9620,496.23,745133,493.79
2024-05-01 04:00:00+00:00,488.21,496.07,487.99,8768,489.45,955301,490.38
2024-05-02 04:00:00+00:00,493.01,493.82,487.71,6128,492.15,523585,491.64
2024-05-03 04:00:00+00:00,499.08,500.34,496.49,8714,498.99,753740,498.75
2024-05-06 04:00:00+00:00,504.24,504.29,501.08,11145,501.55,821251,502.56
2024-05-07 04:00:00+00:00,504.94,506.22,504.18,9188,505.23,860251,505.25
2024-05-08 04:00:00+00:00,504.89,505.37,503.06,5166,503.35,446623,504.72
2024-05-09 04:00:00+00:00,507.78,507.81,504.42,7214,505.12,795874,506.79
2024-05-10 04:00:00+00:00,508.41,510.18,507.3,8472,509.38,696594,508.61
2024-05-13 04:00:00+00:00,508.53,510.17,507.4,6999,510.17,565826,508.7
2024-05-14 04:00:00+00:00,510.82,511.36,508.22,6851,508.78,714836,509.85
2024-05-15 04:00:00+00:00,517.19,517.45,512.72,8491,513.25,869966,515.87
2024-05-16 04:00:00+00:00,516.24,518.79,515.97,6727,517.27,672098,517.32
2024-05-17 04:00:00+00:00,516.91,516.91,514.84,5921,516.34,668182,516.38
2024-05-20 04:00:00+00:00,517.43,518.91,516.57,6462,516.95,722515,517.65
2024-05-21 04:00:00+00:00,518.69,518.85,516.55,6538,516.71,634889,517.92
2024-05-22 04:00:00+00:00,517.19,518.69,515.04,5143,518.08,540069,517.16
2024-05-23 04:00:00+00:00,513.44,520.35,512.29,6960,520.27,837318,515.72
2024-05-24 04:00:00+00:00,516.86,517.62,514.35,5599,515.3,652720,516.34
2024-05-28 04:00:00+00:00,517.27,517.88,514.56,8020,517.7,743236,516.65
2024-05-29 04:00:00+00:00,513.6,514.75,512.93,6737,513.12,746282,513.78
2024-05-30 04:00:00+00:00,510.21,512.7,508.94,8155,511.83,825534,510.95
2024-05-31 04:00:00+00:00,514.78,514.89,506.1,7544,511.17,1409524,511.47
2024-06-03 04:00:00+00:00,515.21,516.55,510.25,5360,516.46,591461,514.28
2024-06-04 04:00:00+00:00,515.77,516.53,512.47,5715,514.01,566637,514.42
2024-06-05 04:00:00+00:00,521.92,521.94,516.25,8644,518.16,842379,519.6
2024-06-06 04:00:00+00:00,521.9,522.66,520.02,6670,522.17,658256,521.61
2024-06-07 04:00:00+00:00,521.3,524.08,519.88,6463,520.61,625522,522.16
2024-06-10 04:00:00+00:00,522.95,523.18,519.94,6619,520.56,837823,522.04
2024-06-11 04:00:00+00:00,524.23,524.23,519.46,8963,521.37,492135,521.92
2024-06-12 04:00:00+00:00,528.4,531.08,527.5,9219,528.73,866073,529.46
2024-06-13 04:00:00+00:00,529.44,530.37,526.86,8225,530.19,632544,529.05
2024-06-14 04:00:00+00:00,529.87,529.87,527.02,6448,528.01,609688,528.68
2024-06-17 04:00:00+00:00,534.03,535.36,528.72,8030,529.17,712017,532.86
2024-06-18 04:00:00+00:00,535.42,535.48,533.74,9292,534.12,566922,534.89
2024-06-20 04:00:00+00:00,534.01,537.02,532.25,10386,536.35,918152,534.43
2024-06-21 04:00:00+00:00,532.85,534.36,531.83,9804,533.12,1055859,533.2
2024-06-24 04:00:00+00:00,531.5,535.64,531.44,6959,533.13,792068,533.41
2024-06-25 04:00:00+00:00,533.52,533.94,531.3,5109,532.54,414830,533.06
2024-06-26 04:00:00+00:00,534.32,534.94,531.99,4336,532.41,341132,533.54
2024-06-27 04:00:00+00:00,535.09,535.51,533.39,4802,534.28,375022,534.51
2024-06-28 04:00:00+00:00,532.87,538.89,531.8,8274,535.81,1011331,535.19
2024-07-01 04:00:00+00:00,533.94,534.6,531.32,6235,534.27,704770,533.5
2024-07-02 04:00:00+00:00,537.63,537.63,532.46,5532,532.51,365169,535.86
2024-07-03 04:00:00+00:00,539.85,540.43,537.49,6712,537.5,557810,539.05
2024-07-05 04:00:00+00:00,543.27,543.58,539.89,5833,540.37,438956,542.31
2024-07-08 04:00:00+00:00,543.78,544.74,542.8,7778,543.88,516316,543.67
2024-07-09 04:00:00+00:00,544.39,545.62,544.07,5292,544.86,403756,544.61
2024-07-10 04:00:00+00:00,549.65,550.06,545.29,5946,545.62,566521,547.93
2024-07-11 04:00:00+00:00,544.93,550.69,544.37,10385,549.83,902603,546.44
2024-07-12 04:00:00+00:00,548.35,552.0,545.66,7861,546.09,672739,549.1
2024-07-15 04:00:00+00:00,549.92,553.09,548.08,5650,550.57,583915,550.43
2024-07-16 04:00:00+00:00,553.16,553.47,550.51,6629,551.33,506481,552.1
2024-07-17 04:00:00+00:00,545.56,548.9,545.12,10188,547.46,982486,546.53
2024-07-18 04:00:00+00:00,541.38,547.94,539.18,9201,547.07,912544,543.12
2024-07-19 04:00:00+00:00,537.6,542.55,536.64,9352,540.97,1017532,538.44
2024-07-22 04:00:00+00:00,543.19,543.79,539.79,6458,541.55,573487,542.18
2024-07-23 04:00:00+00:00,542.25,545.11,541.87,4133,543.23,372009,543.62
2024-07-24 04:00:00+00:00,530.03,537.83,529.28,8967,537.47,1116332,532.41
2024-07-25 04:00:00+00:00,527.27,536.14,526.35,11043,530.14,1014214,530.41
2024-07-26 04:00:00+00:00,533.1,535.88,530.31,6370,531.17,678034,532.59
2024-07-29 04:00:00+00:00,533.66,535.75,531.75,6362,534.89,551816,534.01
2024-07-30 04:00:00+00:00,530.78,536.03,527.42,9748,534.97,744722,531.16
2024-07-31 04:00:00+00:00,539.0,542.0,536.32,9235,537.82,993224,539.18
2024-08-01 04:00:00+00:00,531.96,543.34,528.32,10917,541.18,1145235,533.01
2024-08-02 04:00:00+00:00,521.91,525.83,517.68,11702,524.68,1236956,520.73
2024-08-05 04:00:00+00:00,506.71,512.66,499.77,14719,500.93,1484386,506.23
2024-08-06 04:00:00+00:00,511.29,518.73,507.29,8764,508.83,774935,513.61
2024-08-07 04:00:00+00:00,507.92,520.59,507.36,7267,517.62,769811,512.58
2024-08-08 04:00:00+00:00,519.65,520.32,511.12,8462,513.16,869810,517.77
2024-08-09 04:00:00+00:00,521.91,523.41,517.65,5238,518.87,463391,520.78
2024-08-12 04:00:00+00:00,522.28,524.62,520.07,5179,523.28,512980,522.21
2024-08-13 04:00:00+00:00,530.8,531.08,525.2,8303,525.5,859713,528.89
2024-08-14 04:00:00+00:00,532.55,533.68,529.03,5216,531.74,627760,531.89
2024-08-15 04:00:00+00:00,541.55,541.91,537.58,9596,538.41,1054828,540.28
2024-08-16 04:00:00+00:00,542.77,543.56,539.97,6423,539.97,497168,542.01
2024-08-19 04:00:00+00:00,547.93,547.99,542.48,7783,543.29,632519,545.79
2024-08-20 04:00:00+00:00,547.11,549.23,545.81,5890,547.61,563025,547.28
2024-08-21 04:00:00+00:00,549.06,550.5,546.51,7003,548.2,638108,548.58
2024-08-22 04:00:00+00:00,544.77,551.51,543.54,7174,550.94,847928,546.29
2024-08-23 04:00:00+00:00,550.48,551.46,545.85,7055,548.03,698159,549.21
2024-08-26 04:00:00+00:00,549.2,552.25,547.51,9364,551.79,712177,549.47
2024-08-27 04:00:00+00:00,549.97,550.43,546.8,6680,547.9,474357,549.32
2024-08-28 04:00:00+00:00,546.82,550.02,543.63,9851,549.6,626457,546.89
2024-08-29 04:00:00+00:00,546.78,552.01,545.7,6392,548.7,673660,548.75
2024-08-30 04:00:00+00:00,551.93,552.54,545.68,7179,549.06,944527,549.1
2024-09-03 04:00:00+00:00,540.76,549.17,538.19,11072,548.9,812721,542.89
2024-09-04 04:00:00+00:00,539.45,542.98,538.12,13026,538.7,857093,540.19
2024-09-05 04:00:00+00:00,538.09,542.31,535.83,11541,539.62,681939,538.61
2024-09-06 04:00:00+00:00,529.3,540.18,528.32,13464,538.65,1096849,531.44
2024-09-09 04:00:00+00:00,535.15,536.4,531.5,11028,533.43,664187,534.21
2024-09-10 04:00:00+00:00,537.43,537.81,532.25,10519,537.04,819534,535.89
2024-09-11 04:00:00+00:00,542.78,543.89,528.84,12153,537.36,1231712,536.2
2024-09-12 04:00:00+00:00,547.51,547.81,541.39,10617,543.62,940507,545.63
2024-09-13 04:00:00+00:00,550.28,551.38,547.9,9168,548.15,756298,549.97
2024-09-16 04:00:00+00:00,551.24,551.46,548.37,8697,550.19,488997,550.31
2024-09-17 04:00:00+00:00,551.52,554.8,549.21,9267,553.44,756844,552.03
2024-09-18 04:00:00+00:00,549.8,556.89,549.3,9174,552.07,654172,552.08
2024-09-19 04:00:00+00:00,559.2,561.0,556.39,10807,559.25,1040119,559.15
2024-09-20 04:00:00+00:00,558.0,559.24,555.25,11464,557.84,1151421,557.46
2024-09-23 04:00:00+00:00,559.55,560.22,558.07,7499,559.22,504547,559.28
2024-09-24 04:00:00+00:00,561.16,561.26,557.62,8196,560.41,698992,560.18
2024-09-25 04:00:00+00:00,559.92,561.8,558.95,6951,561.06,558329,560.18
2024-09-26 04:00:00+00:00,562.07,564.55,559.88,8013,564.44,643492,562.23
2024-09-27 04:00:00+00:00,561.31,564.06,560.52,7980,563.38,633680,562.16
2024-09-30 04:00:00+00:00,563.91,564.24,558.2,9337,560.44,816468,561.89
2024-10-01 04:00:00+00:00,558.57,563.31,556.04,10281,563.31,1049644,558.4
2024-10-02 04:00:00+00:00,558.79,559.82,555.29,4944,557.69,397194,558.24
2024-10-03 04:00:00+00:00,557.74,559.72,555.51,9491,557.37,751132,557.41
2024-10-04 04:00:00+00:00,562.82,563.24,558.17,8274,562.25,677404,560.87
2024-10-07 04:00:00+00:00,557.78,561.82,556.69,7651,561.18,622312,559.26
2024-10-08 04:00:00+00:00,563.07,563.65,559.5,8028,560.34,654089,561.78
2024-10-09 04:00:00+00:00,566.88,567.49,562.49,7012,563.04,564712,565.75
2024-10-10 04:00:00+00:00,566.03,567.35,564.37,6854,565.56,623045,565.75
2024-10-11 04:00:00+00:00,569.37,570.06,565.79,6827,565.79,521282,568.79
2024-10-14 04:00:00+00:00,574.0,574.94,570.48,6616,570.96,592179,573.51
2024-10-15 04:00:00+00:00,569.68,574.51,568.34,9195,574.32,820884,570.84
2024-10-16 04:00:00+00:00,571.99,572.5,568.79,5435,569.55,439136,570.68
2024-10-17 04:00:00+00:00,572.04,575.74,571.88,7213,575.59,565059,573.23
2024-10-18 04:00:00+00:00,574.28,575.03,572.36,7103,573.78,538888,573.81
2024-10-21 04:00:00+00:00,573.42,574.47,570.43,7315,573.6,561603,572.59
2024-10-22 04:00:00+00:00,573.03,574.17,570.19,5514,570.79,354662,572.33
2024-10-23 04:00:00+00:00,567.84,571.4,564.34,10080,571.06,752782,568.08
2024-10-24 04:00:00+00:00,569.01,569.81,566.44,9148,569.78,663254,568.71
2024-10-25 04:00:00+00:00,568.79,574.12,567.94,8893,571.33,773465,570.69
2024-10-28 04:00:00+00:00,570.52,572.34,570.29,8096,572.34,643201,571.11
2024-10-29 04:00:00+00:00,571.43,572.62,568.23,9875,569.63,802413,571.01
2024-10-30 04:00:00+00:00,569.73,573.01,569.1,9398,571.03,844091,570.64
2024-10-31 04:00:00+00:00,558.43,565.37,558.43,15239,565.34,1253356,561.51
2024-11-01 04:00:00+00:00,560.95,565.34,560.56,9741,561.18,825087,562.42
2024-11-04 05:00:00+00:00,559.72,562.38,557.89,8719,561.09,701018,560.32
2024-11-05 05:00:00+00:00,566.51,566.52,560.46,9120,560.61,766644,564.92
2024-11-06 05:00:00+00:00,580.58,581.48,575.13,16676,578.82,1350029,578.92
2024-11-07 05:00:00+00:00,585.23,586.12,582.55,10900,582.74,931015,584.52
2024-11-08 05:00:00+00:00,587.69,589.01,585.74,10090,585.74,754842,587.36
2024-11-11 05:00:00+00:00,588.24,589.55,586.48,8777,589.32,869569,588.16
2024-11-12 05:00:00+00:00,586.38,588.71,583.93,10156,588.08,758918,586.83
2024-11-13 05:00:00+00:00,586.68,588.59,584.51,11022,586.87,932260,587.09
2024-11-14 05:00:00+00:00,582.95,587.26,582.25,7257,586.84,608776,584.23
2024-11-15 05:00:00+00:00,575.4,579.75,573.57,13600,579.31,954365,575.72
2024-11-18 05:00:00+00:00,577.83,579.06,575.04,8422,575.61,637963,577.44
2024-11-19 05:00:00+00:00,579.77,580.58,573.75,8611,574.42,592020,578.12
2024-11-20 05:00:00+00:00,580.07,580.33,574.38,10458,580.02,748523,577.6
2024-11-21 05:00:00+00:00,583.19,584.6,577.15,9180,582.93,747147,581.88
2024-11-22 05:00:00+00:00,584.99,585.57,582.71,10554,583.21,674357,584.56
2024-11-25 05:00:00+00:00,586.94,590.16,584.74,10607,588.91,736572,587.31
2024-11-26 05:00:00+00:00,590.12,590.68,587.52,9804,588.25,720718,589.37
2024-11-27 05:00:00+00:00,588.11,590.21,586.78,8580,589.9,534416,588.36
2024-11-29 05:00:00+00:00,591.86,592.69,588.89,5721,589.06,483126,591.49
2024-12-02 05:00:00+00:00,593.01,593.63,591.85,8140,592.35,510225,592.84
2024-12-03 05:00:00+00:00,593.21,593.49,591.75,8042,592.8,595330,592.83
2024-12-04 05:00:00+00:00,596.89,597.11,594.3,8718,595.05,692429,596.09
2024-12-05 05:00:00+00:00,595.98,597.71,595.6,11237,596.93,849183,596.5
2024-12-06 05:00:00+00:00,597.16,598.3,596.31,9259,596.75,734753,597.1
2024-12-09 05:00:00+00:00,593.98,597.11,593.43,10398,596.87,1070578,594.69
2024-12-10 05:00:00+00:00,592.26,594.99,591.53,10410,594.67,866800,593.22
2024-12-11 05:00:00+00:00,596.85,597.66,594.89,10021,595.08,731222,596.71
2024-12-12 05:00:00+00:00,593.72,596.43,593.72,9024,595.88,758423,595.01
2024-12-13 05:00:00+00:00,593.59,596.37,592.19,10429,595.65,696804,593.81
2024-12-16 05:00:00+00:00,596.13,597.05,594.57,9816,595.3,855514,596.22
2024-12-17 05:00:00+00:00,593.57,594.48,592.25,12802,593.52,1134815,593.34
2024-12-18 05:00:00+00:00,576.04,595.69,575.56,15357,593.31,1561527,585.59
2024-12-19 05:00:00+00:00,575.77,582.53,575.62,17050,580.92,1310529,578.6
2024-12-20 05:00:00+00:00,582.45,587.17,572.61,17445,573.42,1741089,581.74
2024-12-23 05:00:00+00:00,580.61,583.28,579.33,1107,582.46,94006,582.0
2024-12-24 05:00:00+00:00,592.52,592.69,586.97,4923,587.56,349441,590.59
2024-12-26 05:00:00+00:00,592.54,593.82,589.55,5908,590.87,479114,592.2
2024-12-27 05:00:00+00:00,586.45,589.13,582.35,12564,588.9,1148065,585.45
2024-12-30 05:00:00+00:00,579.81,583.22,576.07,9345,579.54,679803,579.76
2024-12-31 05:00:00+00:00,577.66,582.15,576.07,11009,581.53,1216032,578.3
2025-01-02 05:00:00+00:00,576.23,582.61,572.18,10471,580.93,744108,576.94
2025-01-03 05:00:00+00:00,583.45,584.08,578.13,9316,579.11,596181,581.73
2025-01-06 05:00:00+00:00,586.88,591.09,585.2,9678,587.41,787134,588.3
2025-01-07 05:00:00+00:00,580.28,589.15,578.37,10646,588.86,924580,582.37
2025-01-08 05:00:00+00:00,580.89,582.07,576.8,8774,580.24,735512,579.83
2025-01-10 05:00:00+00:00,572.16,577.47,570.27,12927,577.47,1016306,572.94
2025-01-13 05:00:00+00:00,573.07,573.37,567.22,9677,567.5,717379,570.49
2025-01-14 05:00:00+00:00,573.85,576.6,570.1,10642,575.96,911647,573.44
2025-01-15 05:00:00+00:00,584.25,585.42,580.8,15010,582.1,1059949,583.68
2025-01-16 05:00:00+00:00,583.21,585.81,582.45,10452,585.54,726295,584.25
2025-01-17 05:00:00+00:00,589.07,590.75,587.18,10094,588.39,822039,589.3
2025-01-21 05:00:00+00:00,594.27,594.32,590.13,11040,592.17,668452,592.98
2025-01-22 05:00:00+00:00,597.63,599.1,596.69,9599,597.24,806468,598.12
2025-01-23 05:00:00+00:00,600.88,600.88,596.87,9904,597.1,678720,598.78
2025-01-24 05:00:00+00:00,599.2,602.01,598.11,13430,601.05,736956,600.01
2025-01-27 05:00:00+00:00,590.89,591.04,586.15,13859,586.29,1204513,589.31
2025-01-28 05:00:00+00:00,595.83,596.69,588.79,11514,592.09,836062,594.3
2025-01-29 05:00:00+00:00,593.19,595.43,590.67,9463,595.05,693842,593.55
2025-01-30 05:00:00+00:00,596.1,597.89,592.19,10275,595.37,884764,595.3
2025-01-31 05:00:00+00:00,593.15,601.2,592.45,14139,598.79,1086481,596.8
2025-02-03 05:00:00+00:00,589.13,591.67,582.02,19408,584.01,1473509,587.74
2025-02-04 05:00:00+00:00,593.11,593.62,588.74,9377,589.06,760544,592.18
2025-02-05 05:00:00+00:00,595.47,595.69,590.05,9315,592.01,735756,593.41
2025-02-06 05:00:00+00:00,597.54,597.72,593.98,8399,597.3,683777,596.5
2025-02-07 05:00:00+00:00,592.21,599.37,591.49,11211,598.13,685825,594.58
2025-02-10 05:00:00+00:00,596.16,596.8,594.09,8311,595.36,541655,595.77
2025-02-11 05:00:00+00:00,596.55,597.16,593.83,10230,593.92,634394,595.8
2025-02-12 05:00:00+00:00,594.63,595.86,589.94,11767,590.62,877172,593.69
2025-02-13 05:00:00+00:00,600.94,601.18,594.59,10316,595.82,798986,598.74
2025-02-14 05:00:00+00:00,600.83,602.22,600.34,8997,601.19,667639,601.4
2025-02-18 05:00:00+00:00,602.59,602.59,599.69,9535,602.12,555308,601.28
2025-02-19 05:00:00+00:00,604.15,604.42,600.85,8670,601.3,671686,602.87
2025-02-20 05:00:00+00:00,601.65,602.87,598.36,9270,602.77,733951,600.37
2025-02-21 05:00:00+00:00,591.41,601.46,590.89,15934,601.46,1223794,594.37
2025-02-24 05:00:00+00:00,588.65,594.35,587.94,12519,593.38,1180194,590.52
2025-02-25 05:00:00+00:00,585.78,589.28,581.14,16633,588.56,1368586,585.04
2025-02-26 05:00:00+00:00,585.96,590.93,583.41,12037,587.47,1049865,587.13
2025-02-27 05:00:00+00:00,576.64,589.41,576.27,14128,588.32,1335087,581.98
2025-02-28 05:00:00+00:00,585.38,586.18,574.1,17515,576.96,1490853,579.3
2025-03-03 05:00:00+00:00,575.56,588.76,571.6,26996,587.63,2034081,579.2
2025-03-04 05:00:00+00:00,568.6,576.96,564.04,24611,571.39,2371305,569.47
2025-03-05 05:00:00+00:00,574.66,576.46,564.91,16635,568.38,1211279,571.49
2025-03-06 05:00:00+00:00,564.51,571.78,561.95,18543,567.23,1476769,565.7
2025-03-07 05:00:00+00:00,567.5,569.08,557.55,14861,562.72,1350334,563.82
2025-03-10 04:00:00+00:00,552.76,561.36,547.67,18059,559.45,1820742,554.3
2025-03-11 04:00:00+00:00,548.1,554.77,544.18,17120,551.25,1587148,549.6
2025-03-12 04:00:00+00:00,550.9,554.99,545.8,10816,554.13,1132263,550.96
2025-03-13 04:00:00+00:00,543.69,551.01,541.87,12524,550.38,1018954,545.42
2025-03-14 04:00:00+00:00,554.71,555.73,547.65,13257,548.15,1296759,552.71
2025-03-17 04:00:00+00:00,558.89,561.52,554.36,11664,554.74,1140417,558.46
2025-03-18 04:00:00+00:00,552.87,556.69,551.08,9902,556.69,984856,552.89
2025-03-19 04:00:00+00:00,558.87,562.69,553.58,13448,554.76,1007580,557.93
2025-03-20 04:00:00+00:00,557.57,562.37,554.62,10030,555.06,774123,558.46
2025-03-21 04:00:00+00:00,557.75,558.43,551.73,10074,552.85,924605,555.13
2025-03-24 04:00:00+00:00,567.49,568.58,563.8,13422,564.26,1028407,566.71
2025-03-25 04:00:00+00:00,568.86,569.79,567.2,9745,568.85,674306,568.35
2025-03-26 04:00:00+00:00,562.28,569.65,560.75,10461,568.66,831506,563.98
2025-03-27 04:00:00+00:00,560.58,564.39,558.58,11586,560.73,1047705,561.81
2025-03-28 04:00:00+00:00,549.38,559.82,548.77,14412,558.94,1260717,551.97
2025-03-31 04:00:00+00:00,552.89,554.31,540.73,15826,543.57,1468993,548.41
2025-04-01 04:00:00+00:00,554.71,556.47,547.39,11997,551.11,1076799,552.59
2025-04-02 04:00:00+00:00,558.2,560.91,548.53,10202,548.76,1048952,556.56
2025-04-03 04:00:00+00:00,531.18,541.71,530.8,23287,538.93,2350996,535.41
2025-04-04 04:00:00+00:00,500.17,519.88,499.33,25037,517.68,3094459,508.38
2025-04-07 04:00:00+00:00,498.71,517.09,476.35,29958,483.57,3577704,496.68
2025-04-08 04:00:00+00:00,490.95,519.01,483.71,26279,516.01,3104777,501.11
2025-04-09 04:00:00+00:00,536.78,540.06,487.47,27371,489.09,3649876,519.46
2025-04-10 04:00:00+00:00,518.66,527.19,503.97,19733,526.12,2645963,517.07
2025-04-11 04:00:00+00:00,527.92,530.31,514.15,11758,517.04,1427501,523.7
2025-04-14 04:00:00+00:00,532.85,537.86,527.87,10147,537.86,1116526,533.72
2025-04-15 04:00:00+00:00,531.52,537.01,530.78,11710,533.53,902820,533.42
2025-04-16 04:00:00+00:00,519.75,528.98,514.4,16333,525.59,1548125,521.23
2025-04-17 04:00:00+00:00,520.35,525.1,517.97,14915,521.53,1001155,521.61
2025-04-21 04:00:00+00:00,508.11,515.7,502.67,13331,515.26,1160426,507.03
2025-04-22 04:00:00+00:00,520.95,523.28,513.29,13483,514.26,1403050,519.18
2025-04-23 04:00:00+00:00,529.2,539.08,527.82,14879,534.3,1389218,533.18
2025-04-24 04:00:00+00:00,540.22,540.97,529.5,12555,530.58,1150893,537.8
2025-04-25 04:00:00+00:00,544.28,544.71,537.59,12406,541.09,1160843,542.24
2025-04-28 04:00:00+00:00,544.8,547.24,538.89,7432,544.99,775242,543.35
2025-04-29 04:00:00+00:00,547.78,549.08,542.64,9673,542.64,818179,546.89
2025-04-30 04:00:00+00:00,547.71,550.09,535.37,12860,541.3,1219007,543.02
2025-05-01 04:00:00+00:00,552.04,557.58,551.53,9084,554.03,945185,554.62
2025-05-02 04:00:00+00:00,560.11,561.88,556.0,11405,558.31,1220035,560.02
2025-05-05 04:00:00+00:00,557.16,560.2,555.35,9094,556.2,817825,557.86
2025-05-06 04:00:00+00:00,552.37,556.91,550.64,9347,551.58,916763,553.65
2025-05-07 04:00:00+00:00,554.8,557.35,549.72,10339,553.82,1044086,553.8
2025-05-08 04:00:00+00:00,558.54,563.8,555.33,14560,558.85,1328826,560.21
2025-05-09 04:00:00+00:00,557.72,561.0,556.46,6961,560.04,592738,558.21
2025-05-12 04:00:00+00:00,576.3,576.36,570.55,16592,574.86,1353696,573.89
2025-05-13 04:00:00+00:00,580.08,582.34,576.27,11094,576.82,888874,580.53
2025-05-14 04:00:00+00:00,580.76,582.26,578.88,14301,581.14,974895,580.67
2025-05-15 04:00:00+00:00,583.69,584.21,578.44,12278,578.92,1140264,581.37
2025-05-16 04:00:00+00:00,587.52,587.68,582.6,8718,584.54,803596,585.53
2025-05-19 04:00:00+00:00,588.11,588.75,581.46,8899,581.46,786544,586.41
2025-05-20 04:00:00+00:00,586.13,587.24,582.91,10333,586.35,788847,585.55
2025-05-21 04:00:00+00:00,576.33,585.81,575.24,22679,581.88,1970872,579.99
2025-05-22 04:00:00+00:00,576.42,579.93,574.87,17897,576.02,1505879,577.36
2025-05-23 04:00:00+00:00,572.61,575.15,569.1,20157,569.32,1589824,572.12
2025-05-27 04:00:00+00:00,584.33,584.56,577.82,16279,579.42,1414236,582.4
2025-05-28 04:00:00+00:00,581.11,586.01,580.32,12496,584.84,1125721,582.98
2025-05-29 04:00:00+00:00,583.24,586.35,579.59,15550,586.35,1244862,582.84
2025-05-30 04:00:00+00:00,582.59,584.39,576.63,18321,582.26,1732363,581.19
2025-06-02 04:00:00+00:00,586.04,586.04,578.44,16923,581.07,1417425,583.01
2025-06-03 04:00:00+00:00,589.34,590.27,585.12,17243,585.69,1206006,588.41
2025-06-04 04:00:00+00:00,589.2,591.11,588.78,12576,590.19,963574,590.2
2025-06-05 04:00:00+00:00,586.33,592.11,584.34,18902,590.86,1880521,588.23
2025-06-06 04:00:00+00:00,592.16,593.98,590.12,16873,591.81,1317382,592.46
2025-06-09 04:00:00+00:00,592.61,594.41,591.71,9529,592.92,745570,593.2
2025-06-10 04:00:00+00:00,596.24,596.6,592.33,12227,593.5,954803,594.83
2025-06-11 04:00:00+00:00,594.74,598.15,592.45,14418,597.3,1048022,595.51
2025-06-12 04:00:00+00:00,596.85,596.85,592.75,13745,593.19,824021,595.7
2025-06-13 04:00:00+00:00,589.99,594.99,588.74,14487,591.73,1120893,591.58
2025-06-16 04:00:00+00:00,595.85,597.57,593.41,14626,593.6,1279004,595.92
2025-06-17 04:00:00+00:00,590.8,594.87,590.0,14555,593.39,1203599,592.37
2025-06-18 04:00:00+00:00,590.72,594.37,589.71,14782,591.59,1160837,592.18
2025-06-20 04:00:00+00:00,589.15,594.37,587.88,14517,593.32,1141672,590.2
2025-06-23 04:00:00+00:00,595.0,595.45,586.9,15389,590.04,1198286,592.26
2025-06-24 04:00:00+00:00,601.62,602.69,598.42,14205,599.21,1154849,601.05
2025-06-25 04:00:00+00:00,602.06,603.3,600.61,14701,602.77,1108399,602.04
2025-06-26 04:00:00+00:00,606.73,607.13,603.24,13696,603.87,1338082,605.88
2025-06-27 04:00:00+00:00,609.63,611.18,605.73,18120,607.71,1601093,608.76
2025-06-30 04:00:00+00:00,612.6,613.96,609.84,21567,612.18,1848972,611.78
2025-07-01 04:00:00+00:00,612.42,613.58,610.35,13476,611.18,1111353,612.18
2025-07-02 04:00:00+00:00,615.18,615.22,611.42,13403,612.07,1217070,613.92
2025-07-03 04:00:00+00:00,620.12,620.96,617.19,8986,617.2,745013,619.74
2025-07-07 04:00:00+00:00,615.74,618.71,612.66,13573,618.06,1106758,615.57
2025-07-08 04:00:00+00:00,615.04,616.84,614.35,14194,616.03,1175040,615.4
2025-07-09 04:00:00+00:00,618.76,619.43,615.67,16358,617.46,1426465,617.68
2025-07-10 04:00:00+00:00,620.66,621.57,617.77,13589,618.94,1227230,620.24
2025-07-11 04:00:00+00:00,618.36,619.56,616.29,13429,617.46,1267770,618.66
2025-07-14 04:00:00+00:00,619.43,619.82,616.55,11595,617.86,789601,618.86
2025-07-15 04:00:00+00:00,616.93,622.54,616.82,13808,622.22,1236356,619.04
2025-07-16 04:00:00+00:00,618.95,619.44,612.83,17471,618.43,1452936,616.92
2025-07-17 04:00:00+00:00,622.67,623.08,618.93,18980,619.04,1480188,621.8
2025-07-18 04:00:00+00:00,622.28,623.98,621.17,13779,623.93,1096240,622.31
2025-07-21 04:00:00+00:00,623.41,626.18,623.03,12649,623.44,1132745,624.79
2025-07-22 04:00:00+00:00,623.46,624.29,620.9,17343,623.65,1155033,623.12
2025-07-23 04:00:00+00:00,628.8,628.8,624.43,14347,626.2,1122298,627.03
2025-07-24 04:00:00+00:00,629.12,630.72,628.67,15382,629.24,1163452,629.8
2025-07-25 04:00:00+00:00,631.63,632.18,629.52,13853,629.76,1185831,631.27
2025-07-28 04:00:00+00:00,631.56,632.62,630.17,17307,632.07,1204387,631.38
2025-07-29 04:00:00+00:00,629.89,633.23,629.0,10159,632.95,936389,630.56
2025-07-30 04:00:00+00:00,629.19,632.24,626.29,17346,630.62,1379785,629.62
2025-07-31 04:00:00+00:00,626.56,634.43,625.44,14878,634.05,1442218,629.9
2025-08-01 04:00:00+00:00,616.48,621.03,614.07,32133,621.03,2811106,616.87
2025-08-04 04:00:00+00:00,625.73,625.85,620.31,13591,620.43,1152237,624.29
2025-08-05 04:00:00+00:00,622.71,627.25,621.76,14629,626.45,971663,623.72
2025-08-06 04:00:00+00:00,627.35,628.05,622.85,10661,623.74,858622,626.43
2025-08-07 04:00:00+00:00,627.01,631.57,623.87,12538,630.87,1145664,627.0
2025-08-08 04:00:00+00:00,631.87,632.24,628.42,10065,628.75,839695,631.09
2025-08-11 04:00:00+00:00,630.48,633.52,629.31,10204,632.12,920276,631.27
2025-08-12 04:00:00+00:00,637.19,637.4,631.48,12860,632.89,1073890,635.68
2025-08-13 04:00:00+00:00,639.46,640.68,637.29,12023,639.42,999562,638.85
2025-08-14 04:00:00+00:00,639.45,640.16,636.93,14904,637.37,695902,639.06
2025-08-15 04:00:00+00:00,638.08,640.6,637.19,11060,640.6,930641,638.48
2025-08-18 04:00:00+00:00,637.77,638.46,636.77,11545,637.42,743841,637.74
2025-08-19 04:00:00+00:00,634.34,638.65,633.13,12393,637.71,1085544,635.08
2025-08-20 04:00:00+00:00,632.52,634.19,627.61,16390,633.98,1484005,631.23
2025-08-21 04:00:00+00:00,630.25,632.56,628.51,8324,630.84,748921,630.53
2025-08-22 04:00:00+00:00,639.85,641.02,631.91,16352,632.36,1552404,639.14
2025-08-25 04:00:00+00:00,637.12,639.82,637.0,10430,638.56,930938,638.56
2025-08-26 04:00:00+00:00,639.7,640.05,636.14,8799,636.67,841072,638.18
2025-08-27 04:00:00+00:00,641.14,641.89,639.01,10978,639.1,983313,640.98
2025-08-28 04:00:00+00:00,643.45,643.98,639.91,10891,641.69,1274610,642.58
2025-08-29 04:00:00+00:00,639.57,642.34,637.75,16587,641.98,1567462,639.23
2025-09-02 04:00:00+00:00,634.98,635.03,629.59,11558,632.11,1128392,632.8
2025-09-03 04:00:00+00:00,638.16,638.76,635.08,14941,637.34,1261642,636.96
2025-09-04 04:00:00+00:00,643.53,643.65,638.09,16052,638.98,1525098,641.51
2025-09-05 04:00:00+00:00,641.75,646.68,637.96,15402,645.94,1502714,641.79
2025-09-08 04:00:00+00:00,643.29,644.32,641.79,13377,643.16,1164606,643.03
2025-09-09 04:00:00+00:00,644.76,645.34,641.81,11082,643.46,1066471,643.89
2025-09-10 04:00:00+00:00,646.76,649.01,645.14,18331,648.1,1367239,647.13
2025-09-11 04:00:00+00:00,651.99,652.75,648.1,18340,648.72,1799918,651.49
2025-09-12 04:00:00+00:00,651.97,653.51,651.37,15996,652.03,1822008,652.42
2025-09-15 04:00:00+00:00,655.26,655.4,653.8,14422,654.0,1240180,654.73
2025-09-16 04:00:00+00:00,654.35,656.1,653.65,14555,655.88,1249852,654.63
2025-09-17 04:00:00+00:00,653.78,656.08,648.8,15864,654.46,1554851,653.31
2025-09-18 04:00:00+00:00,656.66,659.26,654.7,20402,656.3,1602411,657.27
2025-09-19 04:00:00+00:00,659.75,660.76,656.6,22648,658.52,1981962,659.04
2025-09-22 04:00:00+00:00,662.96,663.47,658.42,17897,658.43,1670891,661.68
2025-09-23 04:00:00+00:00,659.47,663.53,658.22,18687,662.92,1612174,660.73
2025-09-24 04:00:00+00:00,657.3,660.78,655.92,15917,660.69,1262284,657.79
2025-09-25 04:00:00+00:00,654.03,655.63,650.68,17410,654.17,1323167,653.65
2025-09-26 04:00:00+00:00,658.0,658.57,654.17,15829,655.74,1232100,656.88
2025-09-29 04:00:00+00:00,659.86,661.37,658.11,16408,660.58,1550736,659.71
2025-09-30 04:00:00+00:00,662.26,662.84,657.85,14819,659.13,1435659,660.28
2025-10-01 04:00:00+00:00,664.72,665.55,659.3,15101,659.41,1375663,663.39
2025-10-02 04:00:00+00:00,665.33,666.72,663.01,13112,666.63,1276773,665.04
2025-10-03 04:00:00+00:00,665.39,668.82,664.36,14962,666.18,1396816,666.76
2025-10-06 04:00:00+00:00,667.75,668.66,665.66,13553,667.79,1210989,667.53
2025-10-07 04:00:00+00:00,665.32,669.15,663.88,14159,668.71,1359694,665.73
2025-10-08 04:00:00+00:00,669.22,669.33,665.68,10956,666.46,1039092,668.3
2025-10-09 04:00:00+00:00,667.36,670.08,665.41,10685,669.67,1059480,667.15
2025-10-10 04:00:00+00:00,649.55,670.04,649.14,21818,668.31,2226230,657.74
2025-10-13 04:00:00+00:00,659.28,660.81,656.03,16702,656.92,1395785,658.72
2025-10-14 04:00:00+00:00,658.47,661.99,649.51,15646,653.42,1403065,657.39
2025-10-15 04:00:00+00:00,661.28,666.37,655.23,14047,662.97,1369827,661.6
2025-10-16 04:00:00+00:00,657.02,664.8,653.43,16840,663.03,1654772,658.68
2025-10-17 04:00:00+00:00,660.51,661.94,654.42,14330,655.76,1179391,658.49
2025-10-20 04:00:00+00:00,667.44,668.36,663.49,14231,663.5,995461,667.04
2025-10-21 04:00:00+00:00,667.43,669.15,666.17,12589,667.52,1009506,668.05
2025-10-22 04:00:00+00:00,664.01,667.96,659.6,12645,667.85,1017536,663.61
2025-10-23 04:00:00+00:00,667.69,668.87,664.07,11650,664.31,1075599,667.28
2025-10-24 04:00:00+00:00,673.23,674.6,671.82,13402,672.56,1158020,673.72
2025-10-27 04:00:00+00:00,681.3,681.63,678.22,15890,678.82,1414474,680.13
2025-10-28 04:00:00+00:00,683.05,684.97,680.95,13876,683.12,1318898,683.01
2025-10-29 04:00:00+00:00,683.39,685.75,679.01,19188,684.79,1820620,683.46
2025-10-30 04:00:00+00:00,676.22,682.02,676.0,14445,679.78,1168362,678.87
2025-10-31 04:00:00+00:00,678.14,681.15,675.41,14264,681.07,1444709,678.82
2025-11-03 05:00:00+00:00,679.47,681.85,676.09,16872,681.76,968746,679.09
2025-11-04 05:00:00+00:00,671.45,676.07,670.74,23746,672.22,1579563,672.56
2025-11-05 05:00:00+00:00,673.62,676.96,670.37,18077,671.1,1164923,674.95
2025-11-06 05:00:00+00:00,666.41,673.48,664.95,24815,672.67,1603634,668.13
2025-11-07 05:00:00+00:00,667.09,667.23,657.46,29323,664.07,1894028,662.29
2025-11-10 05:00:00+00:00,677.42,678.28,671.29,22383,673.37,1437682,675.66
2025-11-11 05:00:00+00:00,679.0,679.66,674.87,16908,676.06,943641,677.91
2025-11-12 05:00:00+00:00,679.42,681.04,677.09,20025,680.93,1286225,679.29
2025-11-13 05:00:00+00:00,668.23,676.96,666.71,22917,676.61,1686978,670.33
2025-11-14 05:00:00+00:00,668.1,671.8,659.49,21108,661.56,1363032,667.83
2025-11-17 05:00:00+00:00,661.92,669.83,658.42,23595,665.83,1439197,663.49
2025-11-18 05:00:00+00:00,656.39,661.26,652.17,34179,658.15,2245731,657.64
2025-11-19 05:00:00+00:00,658.9,663.53,655.01,23889,657.01,1471719,658.8
2025-11-20 05:00:00+00:00,648.7,671.68,648.17,48037,669.1,3199694,657.04
2025-11-21 05:00:00+00:00,655.39,660.73,647.14,19699,650.98,1680117,653.63
2025-11-24 05:00:00+00:00,665.0,666.22,657.86,16946,658.86,1284399,663.83
2025-11-25 05:00:00+00:00,671.15,672.33,660.73,12771,664.81,895760,667.56
2025-11-26 05:00:00+00:00,675.76,677.8,672.95,13256,673.76,780390,676.16
2025-11-28 05:00:00+00:00,679.46,679.74,676.67,12246,676.99,698369,678.4
2025-12-01 05:00:00+00:00,676.37,679.09,674.86,13304,674.95,1011551,676.69
2025-12-02 05:00:00+00:00,677.55,679.92,675.51,14060,677.93,770220,677.99
2025-12-03 05:00:00+00:00,679.91,680.99,675.86,13719,676.67,808176,679.54
2025-12-04 05:00:00+00:00,680.59,681.41,677.51,11978,681.39,728020,679.63
2025-12-05 05:00:00+00:00,681.71,684.45,680.68,12709,681.57,901415,682.08
2025-12-08 05:00:00+00:00,679.78,682.67,677.7,17663,682.54,946326,679.53
2025-12-09 05:00:00+00:00,679.13,681.46,678.72,21470,679.21,1073483,679.84
2025-12-10 05:00:00+00:00,683.66,685.03,677.43,27191,678.63,1579236,681.52
2025-12-11 05:00:00+00:00,685.22,685.3,678.41,21472,681.23,1239671,683.14
2025-12-12 05:00:00+00:00,677.91,684.93,675.3,22996,684.26,1269024,678.71
2025-12-15 05:00:00+00:00,676.83,681.83,675.4,22639,681.83,1203309,677.39
2025-12-16 05:00:00+00:00,674.98,677.15,671.16,29556,675.21,1592313,674.56
2025-12-17 05:00:00+00:00,667.6,676.5,667.37,18742,675.89,1053974,669.96
2025-12-18 05:00:00+00:00,672.65,676.81,671.06,28308,673.72,1343555,673.97
2025-12-19 05:00:00+00:00,678.63,679.2,674.6,27721,674.74,1591366,678.24
2025-12-22 05:00:00+00:00,682.81,683.4,680.82,16883,682.03,1100367,682.6
2025-12-23 05:00:00+00:00,686.0,686.28,681.99,15473,682.0,910769,685.16
2025-12-24 05:00:00+00:00,688.36,688.91,685.92,8796,686.01,508573,687.96
2025-12-26 05:00:00+00:00,688.35,689.7,687.43,6696,688.64,475363,688.46
2025-12-29 05:00:00+00:00,686.07,687.27,684.2,16756,685.66,994838,685.78
2025-12-30 05:00:00+00:00,685.03,686.64,684.68,15164,685.53,1056176,685.61
2025-12-31 05:00:00+00:00,679.93,685.45,679.83,18817,685.24,1205920,682.09
2026-01-02 05:00:00+00:00,681.44,684.97,678.0,15751,683.61,1049269,681.26
2026-01-05 05:00:00+00:00,685.82,687.52,684.48,18406,684.61,1228667,686.06
2026-01-06 05:00:00+00:00,689.89,690.38,685.89,25281,686.01,1513700,688.9
2026-01-07 05:00:00+00:00,687.73,692.03,687.44,22097,690.27,1472466,689.63
2026-01-08 05:00:00+00:00,687.53,688.68,685.59,22302,686.89,1531855,687.41
2026-01-09 05:00:00+00:00,692.08,693.37,687.3,23936,688.69,1619127,691.72
2026-01-12 05:00:00+00:00,693.26,694.14,688.77,22633,688.77,1379119,692.61
2026-01-13 05:00:00+00:00,691.79,694.15,689.48,22115,693.51,1516329,691.43
2026-01-14 05:00:00+00:00,688.71,689.76,684.27,24543,688.99,1623287,686.7
2026-01-15 05:00:00+00:00,690.26,693.51,689.36,31312,692.68,1763355,691.57
2026-01-16 05:00:00+00:00,689.66,692.31,688.22,19543,691.76,1267886,690.41
2026-01-20 05:00:00+00:00,675.78,682.84,674.71,18254,679.63,1121802,677.73
2026-01-21 05:00:00+00:00,683.44,686.82,676.29,43988,677.47,2214904,681.73
2026-01-22 05:00:00+00:00,687.05,689.17,685.04,18279,687.94,979114,687.44
2026-01-23 05:00:00+00:00,687.29,689.04,685.28,18071,686.19,1105712,687.4
2026-01-26 05:00:00+00:00,690.84,692.2,688.04,19176,688.57,1235263,691.09
2026-01-27 05:00:00+00:00,693.6,694.59,691.66,20064,692.23,1298406,693.76
2026-01-28 05:00:00+00:00,693.46,695.89,692.24,15183,695.09,915857,693.89
2026-01-29 05:00:00+00:00,692.04,695.13,682.95,19606,694.42,1448351,688.97
2026-01-30 05:00:00+00:00,689.88,692.25,685.27,19811,689.92,1391309,689.46
2026-02-02 05:00:00+00:00,693.46,695.0,687.53,26454,687.71,1805145,693.42
2026-02-03 05:00:00+00:00,687.52,695.01,682.14,26832,694.3,1826631,687.19
2026-02-04 05:00:00+00:00,684.2,689.48,679.89,27151,688.38,1834820,684.65
2026-02-05 05:00:00+00:00,675.56,681.75,673.94,21285,678.89,1556860,677.25
2026-02-06 05:00:00+00:00,688.81,690.37,679.25,29206,679.55,1801352,686.4
2026-02-09 05:00:00+00:00,692.08,693.93,686.48,18419,687.56,1039359,692.17
2026-02-10 05:00:00+00:00,690.19,694.6,689.74,17112,692.98,1087464,691.79
2026-02-11 05:00:00+00:00,689.89,695.15,687.31,17076,694.51,1054954,690.75
2026-02-12 05:00:00+00:00,679.3,693.41,678.51,23369,692.31,1558444,683.42
2026-02-13 05:00:00+00:00,679.72,684.36,675.65,30179,679.81,1893959,680.94
2026-02-17 05:00:00+00:00,680.87,683.02,673.92,14391,678.27,962881,679.4
2026-02-18 05:00:00+00:00,684.29,687.23,680.98,26552,681.98,1657083,684.73
2026-02-19 05:00:00+00:00,682.61,684.23,679.7,24236,681.96,1404841,681.79
2026-02-20 05:00:00+00:00,687.53,688.15,679.98,21995,680.34,1325238,685.65
2026-02-23 05:00:00+00:00,680.5,688.09,678.5,23975,685.9,1548756,680.57
2026-02-24 05:00:00+00:00,685.47,686.42,678.12,20653,679.63,1287317,684.5
2026-02-25 05:00:00+00:00,691.18,691.74,688.23,9789,688.23,711288,690.54
2026-02-26 05:00:00+00:00,687.41,691.25,682.47,17592,691.2,1078975,686.28
2026-02-27 05:00:00+00:00,684.26,684.95,679.77,38906,681.1,2640484,682.84
2026-03-02 05:00:00+00:00,684.45,686.68,676.15,34158,676.85,2232660,683.66
2026-03-03 05:00:00+00:00,678.41,680.69,667.82,42680,673.16,3334744,674.71
2026-03-04 05:00:00+00:00,683.23,685.18,677.75,38499,679.8,2450782,683.6
2026-03-05 05:00:00+00:00,679.52,683.61,673.76,27400,680.2,1852096,678.11
2026-03-06 05:00:00+00:00,670.58,674.23,667.92,24143,671.54,1731167,671.45
2026-03-09 04:00:00+00:00,676.42,678.0,660.58,28715,664.53,2019689,668.81
2026-03-10 04:00:00+00:00,675.25,681.44,672.94,18418,675.8,1327363,677.24
2026-03-11 04:00:00+00:00,674.47,678.18,671.49,14550,675.8,855049,673.95
2026-03-12 04:00:00+00:00,664.2,669.77,664.06,26131,669.26,1851720,666.49
2026-03-13 04:00:00+00:00,660.46,670.47,659.54,30745,667.39,1905066,662.77
2026-03-16 04:00:00+00:00,667.12,670.19,665.31,33592,666.56,2121754,667.51
2026-03-17 04:00:00+00:00,668.89,672.53,668.23,15171,670.51,1035443,669.85
2026-03-18 04:00:00+00:00,659.71,667.79,659.4,28225,666.5,1836272,663.2
2026-03-19 04:00:00+00:00,658.04,661.09,653.38,19508,654.81,1086895,656.56
2026-03-20 04:00:00+00:00,648.48,656.65,644.75,30469,656.495,2140888,649.526853
2026-03-23 04:00:00+00:00,655.37,662.605,653.94,33310,658.06,2318783,658.08574
2026-03-24 04:00:00+00:00,653.2,657.03,649.92,27753,651.295,1746221,653.997597
2026-03-25 04:00:00+00:00,656.74,660.83,654.27,27298,658.665,1379333,657.347264
2026-03-26 04:00:00+00:00,645.11,654.82,644.83,16669,652.02,901469,648.855295
2026-03-27 04:00:00+00:00,634.04,642.61,633.105,27175,642.475,1640085,637.156357
2026-03-30 04:00:00+00:00,632.02,640.28,629.29,33774,639.86,1812294,634.127681
2026-03-31 04:00:00+00:00,650.12,651.5,638.01,41364,638.905,2822238,646.053242
2026-04-01 04:00:00+00:00,655.18,658.52,653.0,23810,654.08,1543102,655.783065
2026-04-02 04:00:00+00:00,655.76,658.1,645.13,24515,646.425,1505269,652.747627
2026-04-06 04:00:00+00:00,658.885,659.4,655.52,14538,655.9,1239157,657.908078
2026-04-07 04:00:00+00:00,659.23,659.54,651.06,20850,656.85,1811115,655.731737
2026-04-08 04:00:00+00:00,676.0,677.06,671.55,30919,676.4,2148131,674.797963
2026-04-09 04:00:00+00:00,679.87,681.1,673.8,20921,674.98,1394539,678.150489
2026-04-10 04:00:00+00:00,679.35,682.03,678.47,16211,681.305,959465,679.828792
2026-04-13 04:00:00+00:00,686.0,686.28,676.67,18169,677.58,1331996,682.694802
2026-04-14 04:00:00+00:00,694.36,694.58,687.715,26519,687.72,1574586,692.439574
2026-04-15 04:00:00+00:00,699.75,700.28,694.3,25372,695.51,1665266,698.012228
2026-04-16 04:00:00+00:00,701.53,702.78,698.54,21029,701.075,1394612,700.858272
2026-04-17 04:00:00+00:00,710.06,712.345,705.8,19546,706.26,1314488,709.826806
2026-04-20 04:00:00+00:00,708.79,709.905,706.15,17761,708.87,981019,708.102726
2026-04-21 04:00:00+00:00,703.91,711.25,702.67,20708,710.165,1279763,706.528236
2026-04-22 04:00:00+00:00,711.2,711.44,708.23,18705,709.14,1108252,710.001645
2026-04-23 04:00:00+00:00,708.41,712.35,702.34,24737,709.37,1469729,708.427535
2026-04-24 04:00:00+00:00,713.97,714.46,709.02,15254,710.755,1063040,712.570824
2026-04-27 04:00:00+00:00,715.165,715.59,712.33,23163,713.18,1329665,714.312642
2026-04-28 04:00:00+00:00,711.68,712.88,709.27,19381,711.75,1225364,711.107623
2026-04-29 04:00:00+00:00,711.59,712.19,708.435,15470,710.98,889917,710.526905
2026-04-30 04:00:00+00:00,718.41,719.71,710.465,26747,714.67,1976926,716.453007
2026-05-01 04:00:00+00:00,720.49,724.85,720.485,23122,721.245,1437357,722.528063
2026-05-04 04:00:00+00:00,718.09,722.12,715.01,18073,720.03,1078626,718.761163
2026-05-05 04:00:00+00:00,723.71,725.03,721.58,20764,721.81,1288729,723.604131
2026-05-06 04:00:00+00:00,733.77,734.59,727.82,25507,728.055,1751660,732.603375
2026-05-07 04:00:00+00:00,731.53,736.1,729.75,21023,735.065,1252417,732.395757
2026-05-08 04:00:00+00:00,737.54,737.95,734.6,23457,734.975,1427610,737.018853
2026-05-11 04:00:00+00:00,739.2,740.73,736.52,26362,736.52,1334809,739.160365
2026-05-12 04:00:00+00:00,738.19,738.84,731.83,25891,736.87,1517551,735.341169
2026-05-13 04:00:00+00:00,742.3,743.9,735.505,17624,738.41,1094090,740.622335
2026-05-14 04:00:00+00:00,748.1,749.47,743.6,19288,743.655,1020227,747.457591
2026-05-15 04:00:00+00:00,739.1,743.43,737.96,24839,741.88,1323694,740.629467
2026-05-18 04:00:00+00:00,738.4,741.38,733.42,23749,739.83,1368140,737.211948
2026-05-19 04:00:00+00:00,733.8,737.62,731.57,28844,734.79,1787567,734.460535
2026-05-20 04:00:00+00:00,741.31,741.8,733.9,22671,735.585,1251063,739.489952
2026-05-21 04:00:00+00:00,742.71,744.84,737.2,23092,738.56,1344374,740.855704
2026-05-22 04:00:00+00:00,745.67,748.92,744.53,21125,746.17,1145182,746.749795
2026-05-26 04:00:00+00:00,750.46,752.11,748.37,22543,750.14,1273804,750.018242
